{
    "class" : "HiddenMarkovModel",
    "name" : "G2",
    "start" : {
        "class" : "State",
        "distribution" : null,
        "name" : "G2-start",
        "weight" : 1.0
    },
    "end" : {
        "class" : "State",
        "distribution" : null,
        "name" : "G2-end",
        "weight" : 1.0
    },
    "states" : [
        {
            "class" : "State",
            "distribution" : {
                "class" : "Distribution",
                "dtype" : "int",
                "name" : "DiscreteDistribution",
                "parameters" : [
                    {
                        "0" : 0.0008531614371029135,
                        "1" : 6.319714348911508e-05,
                        "2" : 0.0005371757196574718,
                        "3" : 0.011027901538840775,
                        "4" : 0.0031914557462003907,
                        "5" : 0.0003159857174455646,
                        "6" : 0.0017063228742038297,
                        "7" : 0.0005687742914012149,
                        "8" : 0.016526053022402502,
                        "9" : 0.047050273327655844,
                        "10" : 0.05991089202765074,
                        "11" : 0.020633867349197144,
                        "12" : 0.0,
                        "13" : 0.0,
                        "14" : 0.0,
                        "15" : 0.0,
                        "16" : 9.479571523366453e-05,
                        "17" : 0.0,
                        "18" : 0.001295541441526068,
                        "19" : 0.0,
                        "20" : 0.0,
                        "21" : 0.0,
                        "22" : 0.0,
                        "23" : 6.31971434890558e-05,
                        "24" : 0.0,
                        "25" : 0.0,
                        "26" : 0.0,
                        "27" : 0.0,
                        "28" : 0.0,
                        "29" : 0.0,
                        "30" : 0.0,
                        "31" : 0.0,
                        "32" : 0.0050241729073818835,
                        "33" : 0.00018959143046714586,
                        "34" : 0.0,
                        "35" : 0.0005055771479128003,
                        "36" : 0.0,
                        "37" : 0.0,
                        "38" : 3.159857174455664e-05,
                        "39" : 0.0,
                        "40" : 0.08307264511645386,
                        "41" : 0.06183840490410134,
                        "42" : 0.019433121622896933,
                        "43" : 0.05299080481562652,
                        "44" : 0.001169147154548003,
                        "45" : 0.00461339147470602,
                        "46" : 0.017474010174740515,
                        "47" : 0.019970297342559864,
                        "48" : 0.047018674755909186,
                        "49" : 0.06749454924638876,
                        "50" : 0.0006003728631465968,
                        "51" : 0.005308560053084206,
                        "52" : 0.04445919044459624,
                        "53" : 0.03807627895219632,
                        "54" : 0.04534395045344734,
                        "55" : 6.319714348912406e-05,
                        "56" : 0.03621196321927235,
                        "57" : 0.041236136126631476,
                        "58" : 0.029070686004986915,
                        "59" : 0.04979934906941997,
                        "60" : 0.08168230795967854,
                        "61" : 0.04098334755269193,
                        "62" : 0.01608367301797554,
                        "63" : 0.026416405978451254
                    }
                ],
                "frozen" : false
            },
            "name" : "state0",
            "weight" : 1.0
        },
        {
            "class" : "State",
            "distribution" : null,
            "name" : "G2-start",
            "weight" : 1.0
        },
        {
            "class" : "State",
            "distribution" : null,
            "name" : "G2-end",
            "weight" : 1.0
        }
    ],
    "end_index" : 2,
    "start_index" : 1,
    "silent_index" : 1,
    "edges" : [
        [
            1,
            0,
            1.0,
            1.0,
            null
        ],
        [
            0,
            0,
            1.0,
            1.0,
            null
        ]
    ],
    "distribution ties" : []
}