{
    "class" : "HiddenMarkovModel",
    "name" : "I3",
    "start" : {
        "class" : "State",
        "distribution" : null,
        "name" : "I3-start",
        "weight" : 1.0
    },
    "end" : {
        "class" : "State",
        "distribution" : null,
        "name" : "I3-end",
        "weight" : 1.0
    },
    "states" : [
        {
            "class" : "State",
            "distribution" : {
                "class" : "Distribution",
                "dtype" : "int",
                "name" : "DiscreteDistribution",
                "parameters" : [
                    {
                        "0" : 0.0,
                        "1" : 0.00011197581322435847,
                        "2" : 0.0002239516264486899,
                        "3" : 0.0015676613851408133,
                        "4" : 5.598790661217048e-05,
                        "5" : 0.0026874195173841034,
                        "6" : 0.0036952018364031325,
                        "7" : 0.0193718156878111,
                        "8" : 5.598790661218083e-05,
                        "9" : 0.0006158669727338721,
                        "10" : 0.07116062930407055,
                        "11" : 0.05078103129723769,
                        "12" : 0.012653266894350522,
                        "13" : 0.025194557975476293,
                        "14" : 0.03902357090868282,
                        "15" : 0.025866412854822655,
                        "16" : 0.009741895750517773,
                        "17" : 0.006382621353787952,
                        "18" : 0.005990706007502485,
                        "19" : 0.006942500419909087,
                        "20" : 0.019651755220871998,
                        "21" : 0.03101730026314407,
                        "22" : 0.04137506298639502,
                        "23" : 0.06041095123453358,
                        "24" : 0.014108952466266853,
                        "25" : 0.003807177649627561,
                        "26" : 0.004982923688483527,
                        "27" : 0.0033032864901179214,
                        "28" : 0.011645484575331586,
                        "29" : 0.005710766474441543,
                        "30" : 0.017636190582834204,
                        "31" : 0.040031353227702134,
                        "32" : 0.0030233469570572673,
                        "33" : 5.59879066121673e-05,
                        "34" : 0.0,
                        "35" : 0.00011197581322432186,
                        "36" : 0.0,
                        "37" : 0.0004479032528974689,
                        "38" : 0.0,
                        "39" : 5.598790661216889e-05,
                        "40" : 0.00027993953306086036,
                        "41" : 5.59879066121673e-05,
                        "42" : 0.0002799395330608508,
                        "43" : 0.0006718548793460394,
                        "44" : 5.598790661217048e-05,
                        "45" : 0.0,
                        "46" : 0.00033592743967304995,
                        "47" : 0.0010637702256312217,
                        "48" : 0.0001119758132243346,
                        "49" : 0.005150887408320053,
                        "50" : 0.00699848832652227,
                        "51" : 0.021107440792787986,
                        "52" : 0.03807177649627688,
                        "53" : 0.05817143497004545,
                        "54" : 0.0663456693354262,
                        "55" : 0.013045182240635849,
                        "56" : 0.0038631655562397665,
                        "57" : 0.01981971894070809,
                        "58" : 0.03600022395162658,
                        "59" : 0.05402832988074405,
                        "60" : 0.0023514920777111922,
                        "61" : 0.015060746878673596,
                        "62" : 0.05117294664352395,
                        "63" : 0.06645764514864551
                    }
                ],
                "frozen" : false
            },
            "name" : "state0",
            "weight" : 1.0
        },
        {
            "class" : "State",
            "distribution" : null,
            "name" : "I3-start",
            "weight" : 1.0
        },
        {
            "class" : "State",
            "distribution" : null,
            "name" : "I3-end",
            "weight" : 1.0
        }
    ],
    "end_index" : 2,
    "start_index" : 1,
    "silent_index" : 1,
    "edges" : [
        [
            1,
            0,
            1.0,
            1.0,
            null
        ],
        [
            0,
            0,
            1.0,
            1.0,
            null
        ]
    ],
    "distribution ties" : []
}