{
    "class" : "HiddenMarkovModel",
    "name" : "C",
    "start" : {
        "class" : "State",
        "distribution" : null,
        "name" : "C-start",
        "weight" : 1.0
    },
    "end" : {
        "class" : "State",
        "distribution" : null,
        "name" : "C-end",
        "weight" : 1.0
    },
    "states" : [
        {
            "class" : "State",
            "distribution" : {
                "class" : "Distribution",
                "dtype" : "int",
                "name" : "DiscreteDistribution",
                "parameters" : [
                    {
                        "0" : 0.034049118274928306,
                        "1" : 0.015284430332058056,
                        "2" : 0.0011660656943474515,
                        "3" : 0.0013633998887754102,
                        "4" : 8.969736110364345e-05,
                        "5" : 0.000699639416608533,
                        "6" : 0.00028703155553173166,
                        "7" : 0.00037672891663537004,
                        "8" : 0.022191127137046098,
                        "9" : 0.033546813052755434,
                        "10" : 0.03422851299715616,
                        "11" : 0.013167572610012833,
                        "12" : 0.0,
                        "13" : 5.381841666218362e-05,
                        "14" : 0.0002152736666487916,
                        "15" : 8.969736110363734e-05,
                        "16" : 0.00037672891663506305,
                        "17" : 0.0,
                        "18" : 0.00010763683332434074,
                        "19" : 0.0,
                        "20" : 5.381841666220096e-05,
                        "21" : 0.000125576305545089,
                        "22" : 0.0004843657499596557,
                        "23" : 0.0006816999443876317,
                        "24" : 1.7939472220723796e-05,
                        "25" : 0.0,
                        "26" : 5.381841666221422e-05,
                        "27" : 0.0,
                        "28" : 0.0004664262777385454,
                        "29" : 0.0,
                        "30" : 0.0,
                        "31" : 0.00017939472220735217,
                        "32" : 0.011732414832353892,
                        "33" : 0.011840051665679705,
                        "34" : 0.003157347110848099,
                        "35" : 0.017634501192974293,
                        "36" : 0.014692427748774635,
                        "37" : 0.016271101304197996,
                        "38" : 0.0494591249125441,
                        "39" : 0.04895681969035934,
                        "40" : 0.002547405055343496,
                        "41" : 0.006314694221696325,
                        "42" : 0.008700644027052737,
                        "43" : 0.007965125666003528,
                        "44" : 0.020110148359433196,
                        "45" : 0.03892865471897486,
                        "46" : 0.04911827494035781,
                        "47" : 0.05403369032882743,
                        "48" : 0.04578153310729322,
                        "49" : 0.06013311088388854,
                        "50" : 0.024236226970206203,
                        "51" : 0.01709631702635324,
                        "52" : 0.024792350609046266,
                        "53" : 0.02567138474785827,
                        "54" : 0.04246273074646631,
                        "55" : 0.000717578888829241,
                        "56" : 0.02371598227580635,
                        "57" : 0.006045602138385641,
                        "58" : 0.019410508942827694,
                        "59" : 0.030281829108588853,
                        "60" : 0.05667079274528012,
                        "61" : 0.053495506162206496,
                        "62" : 0.020289543081642145,
                        "63" : 0.028380245053191238
                    }
                ],
                "frozen" : false
            },
            "name" : "state0",
            "weight" : 1.0
        },
        {
            "class" : "State",
            "distribution" : null,
            "name" : "C-start",
            "weight" : 1.0
        },
        {
            "class" : "State",
            "distribution" : null,
            "name" : "C-end",
            "weight" : 1.0
        }
    ],
    "end_index" : 2,
    "start_index" : 1,
    "silent_index" : 1,
    "edges" : [
        [
            1,
            0,
            1.0,
            1.0,
            null
        ],
        [
            0,
            0,
            1.0,
            1.0,
            null
        ]
    ],
    "distribution ties" : []
}