{
    "class" : "HiddenMarkovModel",
    "name" : "II",
    "start" : {
        "class" : "State",
        "distribution" : null,
        "name" : "II-start",
        "weight" : 1.0
    },
    "end" : {
        "class" : "State",
        "distribution" : null,
        "name" : "II-end",
        "weight" : 1.0
    },
    "states" : [
        {
            "class" : "State",
            "distribution" : {
                "class" : "Distribution",
                "dtype" : "int",
                "name" : "DiscreteDistribution",
                "parameters" : [
                    {
                        "0" : 0.013690742754782239,
                        "1" : 0.0016953489859893736,
                        "2" : 0.010427995649670342,
                        "3" : 0.0041903908898982085,
                        "4" : 0.0017273367027061677,
                        "5" : 0.0030388330880941256,
                        "6" : 0.0025270296206256447,
                        "7" : 0.0009596315015034154,
                        "8" : 0.015322116307338233,
                        "9" : 0.01900070372976794,
                        "10" : 0.05226792911522071,
                        "11" : 0.03652997249056394,
                        "12" : 0.0005757789009020299,
                        "13" : 0.0026549804874927774,
                        "14" : 0.009276437847866362,
                        "15" : 0.00393448915616396,
                        "16" : 0.006397543343356112,
                        "17" : 0.00047981575075170324,
                        "18" : 0.0017913121361396913,
                        "19" : 0.0007996929179195048,
                        "20" : 0.0011515578018041304,
                        "21" : 0.0008316806346362884,
                        "22" : 0.023383020919966538,
                        "23" : 0.02309513146951539,
                        "24" : 0.0035186488388458345,
                        "25" : 0.00028788945045102565,
                        "26" : 0.0021111893033074797,
                        "27" : 0.00038385260060136786,
                        "28" : 0.0017913121361397362,
                        "29" : 0.0008956560680698365,
                        "30" : 0.0034546734054123136,
                        "31" : 0.01250719723626132,
                        "32" : 0.005437911841852715,
                        "33" : 0.0013434841021047847,
                        "34" : 0.0012795086686712088,
                        "35" : 0.0005437911841852668,
                        "36" : 0.000607766617618829,
                        "37" : 0.0006717420510523994,
                        "38" : 0.004222378606614993,
                        "39" : 0.00044782803403494326,
                        "40" : 0.01097178683385558,
                        "41" : 0.027413473226280696,
                        "42" : 0.007581088861876964,
                        "43" : 0.03688183737444718,
                        "44" : 0.019320580896935228,
                        "45" : 0.007357174844859408,
                        "46" : 0.008924572963981674,
                        "47" : 0.004222378606614968,
                        "48" : 0.025302283922973186,
                        "49" : 0.0253342716396899,
                        "50" : 0.004254366323331732,
                        "51" : 0.01762523191094586,
                        "52" : 0.045294606870961006,
                        "53" : 0.07238820293007461,
                        "54" : 0.07411553963278061,
                        "55" : 0.0026549804874927982,
                        "56" : 0.017017465293326994,
                        "57" : 0.020983942166207793,
                        "58" : 0.04052843708016059,
                        "59" : 0.06621457360373488,
                        "60" : 0.03301132365171718,
                        "61" : 0.04308745441750277,
                        "62" : 0.04785362420830315,
                        "63" : 0.06640649990403627
                    }
                ],
                "frozen" : false
            },
            "name" : "state0",
            "weight" : 1.0
        },
        {
            "class" : "State",
            "distribution" : null,
            "name" : "II-start",
            "weight" : 1.0
        },
        {
            "class" : "State",
            "distribution" : null,
            "name" : "II-end",
            "weight" : 1.0
        }
    ],
    "end_index" : 2,
    "start_index" : 1,
    "silent_index" : 1,
    "edges" : [
        [
            1,
            0,
            1.0,
            1.0,
            null
        ],
        [
            0,
            0,
            1.0,
            1.0,
            null
        ]
    ],
    "distribution ties" : []
}