{
    "class" : "HiddenMarkovModel",
    "name" : "A",
    "start" : {
        "class" : "State",
        "distribution" : null,
        "name" : "A-start",
        "weight" : 1.0
    },
    "end" : {
        "class" : "State",
        "distribution" : null,
        "name" : "A-end",
        "weight" : 1.0
    },
    "states" : [
        {
            "class" : "State",
            "distribution" : {
                "class" : "Distribution",
                "dtype" : "int",
                "name" : "DiscreteDistribution",
                "parameters" : [
                    {
                        "0" : 0.008325971140203758,
                        "1" : 0.0015527534602307958,
                        "2" : 0.010949589055764526,
                        "3" : 0.014135410810376487,
                        "4" : 0.05755896447407202,
                        "5" : 0.046957406366285676,
                        "6" : 0.0749872834845922,
                        "7" : 0.06797312130217278,
                        "8" : 0.013546435359944292,
                        "9" : 0.009825181377668723,
                        "10" : 0.03587395925360727,
                        "11" : 0.01491178754049316,
                        "12" : 0.0012047225122481444,
                        "13" : 0.0009637780097985083,
                        "14" : 0.001418895403314523,
                        "15" : 0.0005622038390490657,
                        "16" : 0.055551093620328375,
                        "17" : 0.03496372446657671,
                        "18" : 0.05688967418949121,
                        "19" : 0.0223275238936634,
                        "20" : 0.025914919819023993,
                        "21" : 0.020319653039916494,
                        "22" : 0.000883463175648481,
                        "23" : 0.0019810992423634557,
                        "24" : 0.0003212593365994899,
                        "25" : 0.0,
                        "26" : 0.0005622038390492164,
                        "27" : 0.0,
                        "28" : 0.0009102347870319364,
                        "29" : 0.0,
                        "30" : 0.0004015741707493505,
                        "31" : 0.0010440928439483035,
                        "32" : 0.006773217679972106,
                        "33" : 0.004711803603458346,
                        "34" : 0.002837790806628273,
                        "35" : 0.003453537868443634,
                        "36" : 0.0008834631756484628,
                        "37" : 0.00018740127968296206,
                        "38" : 0.0031858217546110734,
                        "39" : 0.003292908200144059,
                        "40" : 0.0030787353090782283,
                        "41" : 0.004363772655475902,
                        "42" : 0.008085026637752037,
                        "43" : 0.005006291328674824,
                        "44" : 0.014296040478675099,
                        "45" : 0.01517950365432323,
                        "46" : 0.007576366021470495,
                        "47" : 0.01295745990951083,
                        "48" : 0.009289749150002368,
                        "49" : 0.01418895403314334,
                        "50" : 0.0051401493855913975,
                        "51" : 0.014992102374641205,
                        "52" : 0.013680293416861642,
                        "53" : 0.03536529863732923,
                        "54" : 0.0339999464567772,
                        "55" : 0.0007763767301154382,
                        "56" : 0.005113377774207812,
                        "57" : 0.0256739753165733,
                        "58" : 0.018820442802452375,
                        "59" : 0.04786764115332363,
                        "60" : 0.02184563488876386,
                        "61" : 0.023612561240059587,
                        "62" : 0.01780312156988705,
                        "63" : 0.033143254892510916
                    }
                ],
                "frozen" : false
            },
            "name" : "state0",
            "weight" : 1.0
        },
        {
            "class" : "State",
            "distribution" : null,
            "name" : "A-start",
            "weight" : 1.0
        },
        {
            "class" : "State",
            "distribution" : null,
            "name" : "A-end",
            "weight" : 1.0
        }
    ],
    "end_index" : 2,
    "start_index" : 1,
    "silent_index" : 1,
    "edges" : [
        [
            1,
            0,
            1.0,
            1.0,
            null
        ],
        [
            0,
            0,
            1.0,
            1.0,
            null
        ]
    ],
    "distribution ties" : []
}