{
    "class" : "HiddenMarkovModel",
    "name" : "F",
    "start" : {
        "class" : "State",
        "distribution" : null,
        "name" : "F-start",
        "weight" : 1.0
    },
    "end" : {
        "class" : "State",
        "distribution" : null,
        "name" : "F-end",
        "weight" : 1.0
    },
    "states" : [
        {
            "class" : "State",
            "distribution" : {
                "class" : "Distribution",
                "dtype" : "int",
                "name" : "DiscreteDistribution",
                "parameters" : [
                    {
                        "0" : 0.031574731783402525,
                        "1" : 0.034314862044979,
                        "2" : 0.0832156482515893,
                        "3" : 0.06502539889973565,
                        "4" : 0.001960247033281936,
                        "5" : 0.007356195856077317,
                        "6" : 0.001011740404274051,
                        "7" : 0.0,
                        "8" : 0.03168012140885989,
                        "9" : 0.021899964167523635,
                        "10" : 0.013890352633686832,
                        "11" : 0.011887949750226494,
                        "12" : 0.0,
                        "13" : 0.0,
                        "14" : 0.0,
                        "15" : 0.0,
                        "16" : 0.0,
                        "17" : 0.0,
                        "18" : 2.1077925089051215e-05,
                        "19" : 0.0,
                        "20" : 6.323377526715125e-05,
                        "21" : 0.0,
                        "22" : 4.21558501780593e-05,
                        "23" : 0.0,
                        "24" : 2.107792508903684e-05,
                        "25" : 0.0,
                        "26" : 4.21558501780617e-05,
                        "27" : 0.0,
                        "28" : 6.323377526714646e-05,
                        "29" : 0.0,
                        "30" : 0.0,
                        "31" : 4.215585017817912e-05,
                        "32" : 0.010391417068903662,
                        "33" : 0.04000590181903728,
                        "34" : 0.04620281179520558,
                        "35" : 0.03962649916743223,
                        "36" : 0.033176654090180266,
                        "37" : 0.018675041628904453,
                        "38" : 0.007482663406614418,
                        "39" : 0.0024661172354206303,
                        "40" : 0.0009906624791852058,
                        "41" : 0.0017073119322136613,
                        "42" : 0.00461606559450415,
                        "43" : 0.0013068313555205907,
                        "44" : 0.012878612229415623,
                        "45" : 0.008979196087937463,
                        "46" : 0.04108087599856157,
                        "47" : 0.04177644752651044,
                        "48" : 0.028202263769148285,
                        "49" : 0.05743734586766044,
                        "50" : 0.033324199565785674,
                        "51" : 0.020803912062895294,
                        "52" : 0.009990936492209179,
                        "53" : 0.032544316337497194,
                        "54" : 0.033682524292302375,
                        "55" : 0.00029509095124663796,
                        "56" : 0.0029719874375558693,
                        "57" : 0.0019180911831034905,
                        "58" : 0.01576628796660962,
                        "59" : 0.02367050987500275,
                        "60" : 0.03321880994034561,
                        "61" : 0.053263916700036745,
                        "62" : 0.014902093037961743,
                        "63" : 0.022532301920202166
                    }
                ],
                "frozen" : false
            },
            "name" : "state0",
            "weight" : 1.0
        },
        {
            "class" : "State",
            "distribution" : null,
            "name" : "F-start",
            "weight" : 1.0
        },
        {
            "class" : "State",
            "distribution" : null,
            "name" : "F-end",
            "weight" : 1.0
        }
    ],
    "end_index" : 2,
    "start_index" : 1,
    "silent_index" : 1,
    "edges" : [
        [
            1,
            0,
            1.0,
            1.0,
            null
        ],
        [
            0,
            0,
            1.0,
            1.0,
            null
        ]
    ],
    "distribution ties" : []
}