{
    "class" : "HiddenMarkovModel",
    "name" : "Bm",
    "start" : {
        "class" : "State",
        "distribution" : null,
        "name" : "Bm-start",
        "weight" : 1.0
    },
    "end" : {
        "class" : "State",
        "distribution" : null,
        "name" : "Bm-end",
        "weight" : 1.0
    },
    "states" : [
        {
            "class" : "State",
            "distribution" : {
                "class" : "Distribution",
                "dtype" : "int",
                "name" : "DiscreteDistribution",
                "parameters" : [
                    {
                        "0" : 0.0,
                        "1" : 0.0,
                        "2" : 0.0,
                        "3" : 4.3120175930316844e-05,
                        "4" : 0.0001293605277908684,
                        "5" : 0.0007546030787807692,
                        "6" : 0.002112888620585904,
                        "7" : 0.002112888620585559,
                        "8" : 0.0,
                        "9" : 0.0006252425509894134,
                        "10" : 0.03615626751756664,
                        "11" : 0.04305549566641627,
                        "12" : 0.03154240869302717,
                        "13" : 0.02815747488250212,
                        "14" : 0.011728687853045245,
                        "15" : 0.01617006597387017,
                        "16" : 0.0015954465094215448,
                        "17" : 0.0003665214954077355,
                        "18" : 0.002263809236341552,
                        "19" : 0.00040964167133798735,
                        "20" : 0.0017679272131436885,
                        "21" : 0.0022853693243068754,
                        "22" : 0.004462938208788836,
                        "23" : 0.005756543486696534,
                        "24" : 0.02811435470656438,
                        "25" : 0.024621620456209484,
                        "26" : 0.05459014272778041,
                        "27" : 0.0517657712043465,
                        "28" : 0.0634513388814529,
                        "29" : 0.04762623431503604,
                        "30" : 0.03527230391100232,
                        "31" : 0.014229658057009336,
                        "32" : 0.0007977232547107205,
                        "33" : 4.312017593031531e-05,
                        "34" : 0.0,
                        "35" : 0.0,
                        "36" : 0.0,
                        "37" : 6.468026389547833e-05,
                        "38" : 0.0,
                        "39" : 0.0,
                        "40" : 6.468026389542931e-05,
                        "41" : 8.624035186065697e-05,
                        "42" : 0.0002802811435470964,
                        "43" : 0.00019404079168642703,
                        "44" : 0.0,
                        "45" : 0.0,
                        "46" : 0.0001724807037212876,
                        "47" : 0.00015092061575629586,
                        "48" : 0.0007114829028500361,
                        "49" : 0.0034711741623907246,
                        "50" : 0.00439825794489191,
                        "51" : 0.009335518088913496,
                        "52" : 0.019145358113057516,
                        "53" : 0.05732827389935224,
                        "54" : 0.0682592384976947,
                        "55" : 0.08110905092492586,
                        "56" : 0.0026518908197147284,
                        "57" : 0.00907679703333672,
                        "58" : 0.07796127808201787,
                        "59" : 0.06614634987711379,
                        "60" : 0.004225777241175642,
                        "61" : 0.00886119615368147,
                        "62" : 0.036544349100947934,
                        "63" : 0.03775171402699323
                    }
                ],
                "frozen" : false
            },
            "name" : "state0",
            "weight" : 1.0
        },
        {
            "class" : "State",
            "distribution" : null,
            "name" : "Bm-start",
            "weight" : 1.0
        },
        {
            "class" : "State",
            "distribution" : null,
            "name" : "Bm-end",
            "weight" : 1.0
        }
    ],
    "end_index" : 2,
    "start_index" : 1,
    "silent_index" : 1,
    "edges" : [
        [
            1,
            0,
            1.0,
            1.0,
            null
        ],
        [
            0,
            0,
            1.0,
            1.0,
            null
        ]
    ],
    "distribution ties" : []
}