{
    "class" : "HiddenMarkovModel",
    "name" : "E",
    "start" : {
        "class" : "State",
        "distribution" : null,
        "name" : "E-start",
        "weight" : 1.0
    },
    "end" : {
        "class" : "State",
        "distribution" : null,
        "name" : "E-end",
        "weight" : 1.0
    },
    "states" : [
        {
            "class" : "State",
            "distribution" : {
                "class" : "Distribution",
                "dtype" : "int",
                "name" : "DiscreteDistribution",
                "parameters" : [
                    {
                        "0" : 0.0019835841313269606,
                        "1" : 0.0016073871409028166,
                        "2" : 0.0016073871409028409,
                        "3" : 0.0021203830369356477,
                        "4" : 0.0004445964432284429,
                        "5" : 0.0009917920656634673,
                        "6" : 0.0005471956224350138,
                        "7" : 0.0004787961696306578,
                        "8" : 0.017578659370725596,
                        "9" : 0.021956224350206076,
                        "10" : 0.052120383036937,
                        "11" : 0.022264021887825575,
                        "12" : 0.0,
                        "13" : 0.0,
                        "14" : 0.0,
                        "15" : 0.0,
                        "16" : 0.0002735978112175161,
                        "17" : 0.0,
                        "18" : 0.0008207934336525532,
                        "19" : 0.0,
                        "20" : 3.419972640218866e-05,
                        "21" : 0.00017099863201094136,
                        "22" : 0.00010259917920656793,
                        "23" : 0.000307797537619714,
                        "24" : 0.0,
                        "25" : 0.0,
                        "26" : 0.00010259917920655821,
                        "27" : 0.0,
                        "28" : 6.839945280437344e-05,
                        "29" : 0.0,
                        "30" : 0.0,
                        "31" : 0.000136798905608742,
                        "32" : 0.05006839945280448,
                        "33" : 0.00666894664842678,
                        "34" : 0.00027359781121751026,
                        "35" : 0.0035567715458275618,
                        "36" : 0.002359781121751079,
                        "37" : 0.00017099863201094527,
                        "38" : 0.005745554035567512,
                        "39" : 0.002359781121751024,
                        "40" : 0.012106703146374595,
                        "41" : 0.019562243502051577,
                        "42" : 0.09059507523939866,
                        "43" : 0.08211354309165433,
                        "44" : 0.002188782489740054,
                        "45" : 0.006155950752393992,
                        "46" : 0.01812585499315971,
                        "47" : 0.012380300957592016,
                        "48" : 0.04001367989056027,
                        "49" : 0.03782489740082083,
                        "50" : 0.005335157318741377,
                        "51" : 0.016792065663474718,
                        "52" : 0.033584131326949394,
                        "53" : 0.04305745554035515,
                        "54" : 0.045485636114911375,
                        "55" : 0.00023939808481532356,
                        "56" : 0.030882352941176205,
                        "57" : 0.025410396716825347,
                        "58" : 0.02352941176470594,
                        "59" : 0.04825581395348752,
                        "60" : 0.06453488372092918,
                        "61" : 0.0572845417236656,
                        "62" : 0.037517099863201446,
                        "63" : 0.05010259917920739
                    }
                ],
                "frozen" : false
            },
            "name" : "state0",
            "weight" : 1.0
        },
        {
            "class" : "State",
            "distribution" : null,
            "name" : "E-start",
            "weight" : 1.0
        },
        {
            "class" : "State",
            "distribution" : null,
            "name" : "E-end",
            "weight" : 1.0
        }
    ],
    "end_index" : 2,
    "start_index" : 1,
    "silent_index" : 1,
    "edges" : [
        [
            1,
            0,
            1.0,
            1.0,
            null
        ],
        [
            0,
            0,
            1.0,
            1.0,
            null
        ]
    ],
    "distribution ties" : []
}