{
    "class" : "HiddenMarkovModel",
    "name" : "Bm",
    "start" : {
        "class" : "State",
        "distribution" : null,
        "name" : "Bm-start",
        "weight" : 1.0
    },
    "end" : {
        "class" : "State",
        "distribution" : null,
        "name" : "Bm-end",
        "weight" : 1.0
    },
    "states" : [
        {
            "class" : "State",
            "distribution" : {
                "class" : "Distribution",
                "dtype" : "int",
                "name" : "DiscreteDistribution",
                "parameters" : [
                    {
                        "0" : 0.0,
                        "1" : 0.0,
                        "2" : 0.0,
                        "3" : 1.4804710215281033e-24,
                        "4" : 0.00022400704072087415,
                        "5" : 0.0017386308930435394,
                        "6" : 0.0016667234304142521,
                        "7" : 4.33254129741413e-05,
                        "8" : 0.0,
                        "9" : 0.000282775190204033,
                        "10" : 2.174925588902346e-13,
                        "11" : 0.005060087746268983,
                        "12" : 0.08019376490545417,
                        "13" : 0.00031075018793063724,
                        "14" : 0.0006974593417768293,
                        "15" : 1.405037517687594e-06,
                        "16" : 0.0009511490756890805,
                        "17" : 0.0003303594899467761,
                        "18" : 0.005915185071413981,
                        "19" : 1.819390603911408e-08,
                        "20" : 9.693114761950151e-09,
                        "21" : 0.00024074892458622962,
                        "22" : 2.071433709271293e-07,
                        "23" : 0.0009551198918235003,
                        "24" : 0.0008544899298009387,
                        "25" : 0.061927619145125234,
                        "26" : 0.006127926547749375,
                        "27" : 0.13322364838386624,
                        "28" : 0.0025851818033926404,
                        "29" : 0.11698929184967102,
                        "30" : 0.0025407164006600916,
                        "31" : 0.0008463352116769782,
                        "32" : 1.8013544043730616e-08,
                        "33" : 5.781005329292891e-17,
                        "34" : 0.0,
                        "35" : 0.0,
                        "36" : 0.0,
                        "37" : 3.880472544671012e-28,
                        "38" : 0.0,
                        "39" : 0.0,
                        "40" : 1.2689136938828822e-09,
                        "41" : 7.0138635520526905e-22,
                        "42" : 8.434679037944829e-09,
                        "43" : 1.9005691297148588e-20,
                        "44" : 0.0,
                        "45" : 0.0,
                        "46" : 6.756045437337748e-06,
                        "47" : 1.0720669072261727e-16,
                        "48" : 0.000282838376242049,
                        "49" : 0.0077712004043454935,
                        "50" : 0.004836280875864529,
                        "51" : 0.0018552011302672372,
                        "52" : 0.048397015606095696,
                        "53" : 0.14027158332523104,
                        "54" : 0.15958048086730076,
                        "55" : 0.20164998667703848,
                        "56" : 0.0012804632775632028,
                        "57" : 3.9198199753146525e-05,
                        "58" : 0.009513812937406038,
                        "59" : 0.0007854264841526254,
                        "60" : 1.5609047253912639e-15,
                        "61" : 1.5994338488006368e-05,
                        "62" : 6.759335478733954e-06,
                        "63" : 3.84598839646755e-08
                    }
                ],
                "frozen" : false
            },
            "name" : "state0",
            "weight" : 1.0
        },
        {
            "class" : "State",
            "distribution" : {
                "class" : "Distribution",
                "dtype" : "int",
                "name" : "DiscreteDistribution",
                "parameters" : [
                    {
                        "0" : 0.0,
                        "1" : 0.0,
                        "2" : 0.0,
                        "3" : 2.3105180551849764e-23,
                        "4" : 0.0002473863700878026,
                        "5" : 0.0004766138576748462,
                        "6" : 0.001603545053126255,
                        "7" : 0.01055483400327052,
                        "8" : 0.0,
                        "9" : 2.001738429951137e-06,
                        "10" : 0.001031728355792144,
                        "11" : 0.00598938947290278,
                        "12" : 2.0721321296910888e-05,
                        "13" : 7.983807345662989e-12,
                        "14" : 0.0006425788915695563,
                        "15" : 0.08749585069012145,
                        "16" : 4.1003633740707614e-11,
                        "17" : 0.0001415166884025779,
                        "18" : 2.139394712656849e-09,
                        "19" : 3.604469514160887e-08,
                        "20" : 0.00040950625172122873,
                        "21" : 0.0002986598339925374,
                        "22" : 0.00041754737323453246,
                        "23" : 3.78982301377361e-06,
                        "24" : 0.0002521329606475028,
                        "25" : 0.0033294793094795433,
                        "26" : 0.29408944996119096,
                        "27" : 0.004423140085844165,
                        "28" : 0.3416320579102045,
                        "29" : 0.01632917708707796,
                        "30" : 0.19314616852749378,
                        "31" : 3.3540322324274306e-06,
                        "32" : 0.00013621650314815718,
                        "33" : 9.69547875607477e-07,
                        "34" : 0.0,
                        "35" : 0.0,
                        "36" : 0.0,
                        "37" : 0.0003662119269695465,
                        "38" : 0.0,
                        "39" : 0.0,
                        "40" : 0.0002617963513921351,
                        "41" : 9.25448538155668e-24,
                        "42" : 0.0005949577857571176,
                        "43" : 1.7145698879759342e-20,
                        "44" : 0.0,
                        "45" : 0.0,
                        "46" : 7.78139005120449e-05,
                        "47" : 0.0002803920238254358,
                        "48" : 0.003290751775013741,
                        "49" : 2.88792906735111e-06,
                        "50" : 0.011545794897151523,
                        "51" : 0.00039568290729557944,
                        "52" : 0.00044477829477983,
                        "53" : 0.007103205301308407,
                        "54" : 0.00019246542218429583,
                        "55" : 0.00595236792045497,
                        "56" : 0.0005804183347115376,
                        "57" : 0.00019014685482025322,
                        "58" : 0.0025489461892898684,
                        "59" : 0.0014290906170314089,
                        "60" : 5.461152664511022e-07,
                        "61" : 0.0018504794560893095,
                        "62" : 4.4087023042574976e-05,
                        "63" : 0.00016932509112877907
                    }
                ],
                "frozen" : false
            },
            "name" : "state1",
            "weight" : 1.0
        },
        {
            "class" : "State",
            "distribution" : {
                "class" : "Distribution",
                "dtype" : "int",
                "name" : "DiscreteDistribution",
                "parameters" : [
                    {
                        "0" : 0.0,
                        "1" : 0.0,
                        "2" : 0.0,