{
    "class" : "HiddenMarkovModel",
    "name" : "I3",
    "start" : {
        "class" : "State",
        "distribution" : null,
        "name" : "I3-start",
        "weight" : 1.0
    },
    "end" : {
        "class" : "State",
        "distribution" : null,
        "name" : "I3-end",
        "weight" : 1.0
    },
    "states" : [
        {
            "class" : "State",
            "distribution" : {
                "class" : "Distribution",
                "dtype" : "int",
                "name" : "DiscreteDistribution",
                "parameters" : [
                    {
                        "0" : 0.0,
                        "1" : 0.00011281521697320516,
                        "2" : 1.1361264051296206e-05,
                        "3" : 4.102815094899643e-06,
                        "4" : 1.7463033227131178e-11,
                        "5" : 9.044296574155521e-07,
                        "6" : 9.571839324198895e-06,
                        "7" : 4.502196967734e-06,
                        "8" : 5.420455322644599e-10,
                        "9" : 1.8043758323327916e-05,
                        "10" : 1.5261806598927407e-06,
                        "11" : 0.00034761399054515684,
                        "12" : 0.0002387650932642326,
                        "13" : 0.00024013743905409348,
                        "14" : 4.8340264453842615e-05,
                        "15" : 0.12914746399736515,
                        "16" : 7.972411461429763e-07,
                        "17" : 0.0008084634924682198,
                        "18" : 2.3273104840555983e-09,
                        "19" : 1.845985928033123e-07,
                        "20" : 5.906004518027963e-06,
                        "21" : 0.00228973196328362,
                        "22" : 0.2574436498074526,
                        "23" : 0.0021002560426262784,
                        "24" : 0.013138656748643986,
                        "25" : 6.1971776462039276e-06,
                        "26" : 0.00011582107018762247,
                        "27" : 1.2803071988067376e-09,
                        "28" : 4.8282029896063045e-05,
                        "29" : 2.22174680591651e-06,
                        "30" : 0.0003845423295603478,
                        "31" : 0.015771743844792293,
                        "32" : 6.363835083174189e-05,
                        "33" : 2.4656835002542877e-09,
                        "34" : 0.0,
                        "35" : 1.2081599539289211e-11,
                        "36" : 0.0,
                        "37" : 3.4231957213886346e-11,
                        "38" : 0.0,
                        "39" : 2.090643988185333e-08,
                        "40" : 9.585271425839644e-08,
                        "41" : 0.0003568656160562956,
                        "42" : 0.0017524806658584901,
                        "43" : 0.004282387392678996,
                        "44" : 1.643099598061761e-11,
                        "45" : 0.0,
                        "46" : 0.00035309226628373204,
                        "47" : 2.17687060267298e-09,
                        "48" : 2.0457222776768035e-13,
                        "49" : 0.0007588504980725635,
                        "50" : 0.002443623307541132,
                        "51" : 0.005617404044231971,
                        "52" : 0.0003368509662418734,
                        "53" : 1.3854603502817197e-05,
                        "54" : 0.007843962514256756,
                        "55" : 0.00468784154347737,
                        "56" : 0.0012082775733514664,
                        "57" : 0.009537761098921425,
                        "58" : 0.13364584183298064,
                        "59" : 0.05338627944733041,
                        "60" : 0.013158599560789285,
                        "61" : 0.006724062973688356,
                        "62" : 0.3032165881891733,
                        "63" : 0.028310009339592938
                    }
                ],
                "frozen" : false
            },
            "name" : "state0",
            "weight" : 1.0
        },
        {
            "class" : "State",
            "distribution" : {
                "class" : "Distribution",
                "dtype" : "int",
                "name" : "DiscreteDistribution",
                "parameters" : [
                    {
                        "0" : 0.0,
                        "1" : 0.0002369143209803075,
                        "2" : 0.00015339007155617894,
                        "3" : 0.003683119766764734,
                        "4" : 9.843096625728578e-14,
                        "5" : 0.00954369704105597,
                        "6" : 0.0020527991128093735,
                        "7" : 0.0059213307952560214,
                        "8" : 0.0002262494574785275,
                        "9" : 0.001847002485214283,
                        "10" : 0.28756250281027906,
                        "11" : 0.18388486326962547,
                        "12" : 0.00019509488802084958,
                        "13" : 0.00026085924799751717,
                        "14" : 0.0005807433356567792,
                        "15" : 0.0003445127967484846,
                        "16" : 0.030098675210477828,
                        "17" : 0.0011187130062151988,
                        "18" : 0.0009840727160217446,
                        "19" : 0.0006187436660034582,
                        "20" : 1.3149160376627846e-06,
                        "21" : 0.00044606748314794507,
                        "22" : 6.09423366866292e-06,
                        "23" : 0.0003748438277206607,
                        "24" : 0.00024399315416519444,
                        "25" : 3.9392412030049534e-14,
                        "26" : 1.4945783467609094e-05,
                        "27" : 4.4273096977272775e-18,
                        "28" : 0.02107186278171752,
                        "29" : 6.952431065955758e-07,
                        "30" : 0.0018399209190548035,
                        "31" : 6.89823704710884e-05,
                        "32" : 0.003825186370082732,
                        "33" : 4.1768664980593174e-10,
                        "34" : 0.0,
                        "35" : 0.00045249893929766473,
                        "36" : 0.0,
                        "37" : 0.0018079142455401636,
                        "38" : 0.0,
                        "39" : 6.397335625838172e-12,
                        "40" : 3.217558278543377e-05,
                        "41" : 3.4582721169798937e-19,
                        "42" : 8.124699748111563e-08,
                        "43" : 1.4511539711797657e-16,
                        "44" : 5.811572327099011e-12,
                        "45" : 0.0,
                        "46" : 0.00012177056634008648,
                        "47" : 0.004298744810548655,
                        "48" : 0.0004523015557120009,
                        "49" : 0.0004961463199757022,
                        "50" : 0.006406465700642814,
                        "51" : 0.004298233375711999,
                        "52" : 0.005058114633339112,
                        "53" : 0.0006581941513390101,
                        "54" : 6.075696371394014e-06,
                        "55" : 5.9730603395375954e-05,
                        "56" : 0.0004965766367266267,
                        "57" : 0.04730668033609522,
                        "58" : 0.0014930669732162137,
                        "59" : 0.06164284178447549,
                        "60" : 0.00021284599262905661,
                        "61" : 0.051610106118409785,
                        "62" : 0.006534317479751594,
                        "63" : 0.24934792573986053
                    }
                ],
                "frozen" : false
            },
            "name" : "state1",
            "weight" : 1.0
        },
        {
            "class" : "State",
            "distribution" : {
                "class" : "Distribution",
                "dtype" : "int",