{
    "class" : "HiddenMarkovModel",
    "name" : "A",
    "start" : {
        "class" : "State",
        "distribution" : null,
        "name" : "A-start",
        "weight" : 1.0
    },
    "end" : {
        "class" : "State",
        "distribution" : null,
        "name" : "A-end",
        "weight" : 1.0
    },
    "states" : [
        {
            "class" : "State",
            "distribution" : {
                "class" : "Distribution",
                "dtype" : "int",
                "name" : "DiscreteDistribution",
                "parameters" : [
                    {
                        "0" : 0.02724857543779302,
                        "1" : 0.007280119324256215,
                        "2" : 0.009238217278865212,
                        "3" : 7.190093478139106e-06,
                        "4" : 2.9639078428375213e-09,
                        "5" : 6.692582302262644e-05,
                        "6" : 0.005072828761107213,
                        "7" : 0.2993599614007014,
                        "8" : 5.972794549210257e-05,
                        "9" : 1.632794823004562e-09,
                        "10" : 2.2738383531419344e-08,
                        "11" : 1.6812585299741497e-11,
                        "12" : 1.1956650405395937e-05,
                        "13" : 1.0461083365001592e-08,
                        "14" : 4.453343594236583e-11,
                        "15" : 2.0093257074841532e-13,
                        "16" : 0.0016179443171516746,
                        "17" : 0.15978378456461742,
                        "18" : 0.017319381365121397,
                        "19" : 0.0010170965723924627,
                        "20" : 0.1185766725014954,
                        "21" : 0.0015746946581446486,
                        "22" : 1.4559677960419063e-14,
                        "23" : 0.00212435954732003,
                        "24" : 9.53065070678789e-17,
                        "25" : 0.0,
                        "26" : 7.76045848153849e-11,
                        "27" : 0.0,
                        "28" : 5.699536508434868e-08,
                        "29" : 0.0,
                        "30" : 0.00024524560208357673,
                        "31" : 5.508662334051251e-06,
                        "32" : 0.011042320690157986,
                        "33" : 0.021490264216059644,
                        "34" : 0.010008760282825999,
                        "35" : 0.015427450333165744,
                        "36" : 0.004047247068857494,
                        "37" : 2.5237482130136923e-10,
                        "38" : 0.014870010120594418,
                        "39" : 0.015439867500864912,
                        "40" : 0.0034434618185147673,
                        "41" : 0.015952626885737977,
                        "42" : 0.03656520616559168,
                        "43" : 0.018561305564904956,
                        "44" : 0.0666173173223285,
                        "45" : 0.07117400124154712,
                        "46" : 0.02222284278686992,
                        "47" : 0.002247677843235801,
                        "48" : 0.0023159383301109794,
                        "49" : 8.337176085483169e-05,
                        "50" : 0.000623350249008382,
                        "51" : 0.0007658663599833078,
                        "52" : 5.534052280342001e-08,
                        "53" : 6.615719002133555e-05,
                        "54" : 0.001973820459590139,
                        "55" : 0.00015534276495381466,
                        "56" : 0.0014057099645499416,
                        "57" : 0.004606525626377051,
                        "58" : 0.0004944597106710912,
                        "59" : 0.006694558915961842,
                        "60" : 0.00019896298130905367,
                        "61" : 9.817173903502646e-10,
                        "62" : 0.0006854865632190311,
                        "63" : 0.0002097472710341814
                    }
                ],
                "frozen" : false
            },
            "name" : "state0",
            "weight" : 1.0
        },
        {
            "class" : "State",
            "distribution" : {
                "class" : "Distribution",
                "dtype" : "int",
                "name" : "DiscreteDistribution",
                "parameters" : [
                    {
                        "0" : 3.13759702007478e-08,
                        "1" : 3.491526550112255e-09,
                        "2" : 7.400367923029754e-08,
                        "3" : 0.0005649631818290134,
                        "4" : 0.0003373016769046694,
                        "5" : 0.00041987370380129526,
                        "6" : 0.0029014535487139337,
                        "7" : 0.0029063622012541358,
                        "8" : 3.4048736787693537e-09,
                        "9" : 0.0052910254178948355,
                        "10" : 0.0005755392181311959,
                        "11" : 0.016653643607278126,
                        "12" : 0.006305618530133654,
                        "13" : 0.005055183432941807,
                        "14" : 0.0074418700071054444,
                        "15" : 0.0029378975191535566,
                        "16" : 0.006751159589628126,
                        "17" : 0.0005600138985366309,
                        "18" : 0.015833411493626087,
                        "19" : 1.2093553885270672e-08,
                        "20" : 0.002533364243502664,
                        "21" : 0.10480622819613339,
                        "22" : 0.004501771353105808,
                        "23" : 0.007869852652820093,
                        "24" : 0.0016850086049428614,
                        "25" : 0.0,
                        "26" : 0.000503656396031675,
                        "27" : 0.0,
                        "28" : 0.004495893910221813,
                        "29" : 0.0,
                        "30" : 0.0018319856323446564,
                        "31" : 0.004544245683880046,
                        "32" : 0.011261846676475468,
                        "33" : 1.512139976181085e-06,
                        "34" : 1.1806961989867065e-05,
                        "35" : 0.00040851926621705614,
                        "36" : 0.00010644822177214783,
                        "37" : 0.000982954010955727,
                        "38" : 7.092058570595279e-05,
                        "39" : 3.161535095417917e-09,
                        "40" : 0.006937079286456962,
                        "41" : 0.002582447278593675,
                        "42" : 4.671907329935371e-05,
                        "43" : 0.0001268697704437667,
                        "44" : 8.096321066749191e-12,
                        "45" : 3.966492750291908e-14,
                        "46" : 0.010810929300916206,
                        "47" : 2.016438587255171e-06,
                        "48" : 0.018432272200927805,
                        "49" : 0.06541722490894356,
                        "50" : 0.0242659548541057,
                        "51" : 0.012752397542535116,
                        "52" : 0.07039551703987118,
                        "53" : 0.18335327374355945,
                        "54" : 0.17038498529310528,
                        "55" : 0.0028737005118889955,
                        "56" : 0.02344427012479853,
                        "57" : 0.11717521404684948,
                        "58" : 0.04656657314525299,
                        "59" : 0.00715560871406204,
                        "60" : 0.009977503773538515,
                        "61" : 6.947475326910327e-07,
                        "62" : 0.007147288133674596,
                        "63" : 9.687741027183132e-10
                    }
                ],
                "frozen" : false
            },
            "name" : "state1",
            "weight" : 1.0
        },
        {
            "class" : "State",
            "distribution" : {
                "class" : "Distribution",