{
    "class" : "HiddenMarkovModel",
    "name" : "II",
    "start" : {
        "class" : "State",
        "distribution" : null,
        "name" : "II-start",
        "weight" : 1.0
    },
    "end" : {
        "class" : "State",
        "distribution" : null,
        "name" : "II-end",
        "weight" : 1.0
    },
    "states" : [
        {
            "class" : "State",
            "distribution" : {
                "class" : "Distribution",
                "dtype" : "int",
                "name" : "DiscreteDistribution",
                "parameters" : [
                    {
                        "0" : 0.024287300179984164,
                        "1" : 0.006802599121652696,
                        "2" : 0.0418049382736102,
                        "3" : 0.016671758464721527,
                        "4" : 0.005279072470148735,
                        "5" : 0.011234902552064111,
                        "6" : 0.00899795895855226,
                        "7" : 0.0026007557289239158,
                        "8" : 0.001596305318957402,
                        "9" : 0.0005927673938451267,
                        "10" : 1.0661444064545421e-10,
                        "11" : 2.004322325538464e-10,
                        "12" : 2.2341280853056388e-10,
                        "13" : 2.7424289667587582e-14,
                        "14" : 3.842594316912983e-10,
                        "15" : 4.721387179903704e-10,
                        "16" : 6.337673610343306e-05,
                        "17" : 1.6206334622219375e-09,
                        "18" : 0.0009570014261097532,
                        "19" : 8.458406651368824e-08,
                        "20" : 0.00021337216550922566,
                        "21" : 0.0005406063398470958,
                        "22" : 5.951769898924383e-10,
                        "23" : 7.391527762889435e-11,
                        "24" : 7.207466239309004e-07,
                        "25" : 1.2385354108196414e-07,
                        "26" : 8.57604851031057e-06,
                        "27" : 2.3106861206157406e-15,
                        "28" : 7.771017258401566e-10,
                        "29" : 2.306090445136545e-13,
                        "30" : 2.0376829581808315e-12,
                        "31" : 1.3803432119309136e-09,
                        "32" : 0.014347327466446649,
                        "33" : 0.005288147159495565,
                        "34" : 0.004986188654128503,
                        "35" : 0.0021831330107287103,
                        "36" : 0.002440491310206519,
                        "37" : 0.002441580159175523,
                        "38" : 0.016954988646368317,
                        "39" : 0.0017982483183766654,
                        "40" : 0.043981299894652714,
                        "41" : 0.11007900291737059,
                        "42" : 0.030441915759616363,
                        "43" : 0.1480992881304889,
                        "44" : 0.07758193437200239,
                        "45" : 0.02954278958204006,
                        "46" : 0.03557935002395838,
                        "47" : 0.016023022377014515,
                        "48" : 0.088861368300664,
                        "49" : 0.017375217343952972,
                        "50" : 0.0009017247394077845,
                        "51" : 0.0018084509450512155,
                        "52" : 0.0008634540841414354,
                        "53" : 1.3533643601693862e-10,
                        "54" : 2.2881008003931305e-05,
                        "55" : 1.2787206156488745e-06,
                        "56" : 0.05272901515714875,
                        "57" : 0.062337357309839136,
                        "58" : 0.0003044508297562234,
                        "59" : 0.0006894110874606089,
                        "60" : 0.10344869263429121,
                        "61" : 0.007173965788504089,
                        "62" : 6.150287083586147e-05,
                        "63" : 2.950638172371774e-07
                    }
                ],
                "frozen" : false
            },
            "name" : "state0",
            "weight" : 1.0
        },
        {
            "class" : "State",
            "distribution" : {
                "class" : "Distribution",
                "dtype" : "int",
                "name" : "DiscreteDistribution",
                "parameters" : [
                    {
                        "0" : 0.03793814422198548,
                        "1" : 6.596106930429743e-11,
                        "2" : 7.68543111951673e-05,
                        "3" : 2.0425271143928775e-11,
                        "4" : 0.0006015136384184766,
                        "5" : 3.2801180943737105e-05,
                        "6" : 2.1128257977905587e-08,
                        "7" : 3.336803555600226e-05,
                        "8" : 0.07408642352294746,
                        "9" : 0.08537227232041067,
                        "10" : 0.2589800183832851,
                        "11" : 0.16508339621873858,
                        "12" : 0.0025918752130336294,
                        "13" : 0.003567131166145491,
                        "14" : 0.01241366349538272,
                        "15" : 0.004204366657102368,
                        "16" : 0.005090186970225229,
                        "17" : 0.000914807447083682,
                        "18" : 8.886615933883123e-06,
                        "19" : 0.0012086602959035025,
                        "20" : 0.0051316774352332065,
                        "21" : 0.0008945113554962919,
                        "22" : 0.11278821752610785,
                        "23" : 0.09461752855394058,
                        "24" : 0.008230609139529254,
                        "25" : 0.001320616155689485,
                        "26" : 0.005079031601998744,
                        "27" : 0.0018982218368377626,
                        "28" : 0.007074127783270349,
                        "29" : 0.0038520120379873374,
                        "30" : 0.016715700231917513,
                        "31" : 0.05977851509574834,
                        "32" : 0.004478119146731172,
                        "33" : 4.525409981621553e-06,
                        "34" : 2.381620619113076e-05,
                        "35" : 1.4668251591213725e-11,
                        "36" : 6.24873831912746e-13,
                        "37" : 8.001858507337806e-06,
                        "38" : 3.217696728265882e-14,
                        "39" : 7.533614280942631e-09,
                        "40" : 2.816926635831037e-10,
                        "41" : 4.3633249698890104e-18,
                        "42" : 1.1743589519115527e-11,
                        "43" : 9.587667383619325e-19,
                        "44" : 2.66331877390887e-14,
                        "45" : 7.225531938668631e-20,
                        "46" : 1.5073809985909926e-05,
                        "47" : 1.8189969636231893e-11,
                        "48" : 0.0018248992568223037,
                        "49" : 8.411444749088665e-05,
                        "50" : 0.0028836874205907565,
                        "51" : 0.0015226340410614972,
                        "52" : 0.004244648975913081,
                        "53" : 0.002100816356369783,
                        "54" : 0.0006478795841763124,
                        "55" : 0.008817103214359896,
                        "56" : 2.257898255264207e-09,
                        "57" : 6.29449422972611e-11,
                        "58" : 0.0002106714624184777,
                        "59" : 4.070336717665117e-05,
                        "60" : 1.2064518316465172e-08,
                        "61" : 9.446547232908221e-06,
                        "62" : 0.0034599174387133563,
                        "63" : 3.8759547632398785e-05
                    }
                ],
                "frozen" : false
            },
            "name" : "state1",