{
    "class" : "HiddenMarkovModel",
    "name" : "C",
    "start" : {
        "class" : "State",
        "distribution" : null,
        "name" : "C-start",
        "weight" : 1.0
    },
    "end" : {
        "class" : "State",
        "distribution" : null,
        "name" : "C-end",
        "weight" : 1.0
    },
    "states" : [
        {
            "class" : "State",
            "distribution" : {
                "class" : "Distribution",
                "dtype" : "int",
                "name" : "DiscreteDistribution",
                "parameters" : [
                    {
                        "0" : 0.14147187641360853,
                        "1" : 0.06039667782684328,
                        "2" : 0.004915015231606999,
                        "3" : 0.0002940408354720258,
                        "4" : 0.0001374721964609075,
                        "5" : 0.0007369341532113102,
                        "6" : 2.2201361062010264e-06,
                        "7" : 1.5062131687594175e-15,
                        "8" : 0.0022059422810498316,
                        "9" : 0.0026661999020343476,
                        "10" : 2.2925184148622194e-15,
                        "11" : 2.7968567184199118e-14,
                        "12" : 0.0,
                        "13" : 4.676501321039207e-19,
                        "14" : 1.1137793135692381e-14,
                        "15" : 6.404300948201811e-14,
                        "16" : 4.758410245570651e-16,
                        "17" : 0.0,
                        "18" : 1.8662816180730752e-23,
                        "19" : 0.0,
                        "20" : 0.00022683775339990417,
                        "21" : 6.5158685681595e-11,
                        "22" : 1.6830784636197317e-09,
                        "23" : 3.935722172388906e-11,
                        "24" : 7.376849922631076e-18,
                        "25" : 0.0,
                        "26" : 7.574685445509021e-15,
                        "27" : 0.0,
                        "28" : 1.6667074164167255e-17,
                        "29" : 0.0,
                        "30" : 0.0,
                        "31" : 4.317378716337375e-14,
                        "32" : 0.003580690538860297,
                        "33" : 0.04896324840748021,
                        "34" : 0.010311308801701259,
                        "35" : 0.05209504471992511,
                        "36" : 0.056473031790588143,
                        "37" : 0.0029329638168122583,
                        "38" : 0.050682822208339876,
                        "39" : 0.027433659317306774,
                        "40" : 0.010265585392554802,
                        "41" : 0.021491847493622138,
                        "42" : 0.011325687795167294,
                        "43" : 0.0005347481733995982,
                        "44" : 0.08382468465270981,
                        "45" : 0.012081833528559266,
                        "46" : 0.1784840311060261,
                        "47" : 5.922170148821191e-05,
                        "48" : 0.17135126716805557,
                        "49" : 0.01431683376915024,
                        "50" : 0.002522861843046452,
                        "51" : 0.0015549484957756846,
                        "52" : 0.0005310425337620398,
                        "53" : 2.5811841002832723e-06,
                        "54" : 5.404163798206812e-06,
                        "55" : 5.406690165636761e-08,
                        "56" : 0.023764502943754578,
                        "57" : 4.685355767279727e-10,
                        "58" : 1.5749311823905867e-12,
                        "59" : 4.652026602641768e-11,
                        "60" : 0.002356866131310176,
                        "61" : 1.3722530918592137e-09,
                        "62" : 6.7151350520862075e-09,
                        "63" : 1.1342398271752912e-09
                    }
                ],
                "frozen" : false
            },
            "name" : "state0",
            "weight" : 1.0
        },
        {
            "class" : "State",
            "distribution" : {
                "class" : "Distribution",
                "dtype" : "int",
                "name" : "DiscreteDistribution",
                "parameters" : [
                    {
                        "0" : 0.0011818130328393494,
                        "1" : 0.005024391208026208,
                        "2" : 1.1943644777279585e-09,
                        "3" : 3.2565427903215944e-10,
                        "4" : 0.00034636263599145564,
                        "5" : 3.1677426190287703e-07,
                        "6" : 4.12124797723498e-13,
                        "7" : 3.7774274115059746e-17,
                        "8" : 0.0062245589385538655,
                        "9" : 0.009854524417254202,
                        "10" : 0.19241817106303669,
                        "11" : 0.01032700601360615,
                        "12" : 0.0,
                        "13" : 0.00032657752253323764,
                        "14" : 0.0013063094543071193,
                        "15" : 0.0005442958713812524,
                        "16" : 0.002116641564424811,
                        "17" : 0.0,
                        "18" : 3.610457837564295e-18,
                        "19" : 0.0,
                        "20" : 2.499228587058247e-09,
                        "21" : 0.0007100407400434405,
                        "22" : 0.0002678070109127968,
                        "23" : 7.321401665915955e-05,
                        "24" : 4.081589224503382e-17,
                        "25" : 0.0,
                        "26" : 3.73770026822651e-07,
                        "27" : 0.0,
                        "28" : 0.0025604244276155046,
                        "29" : 0.0,
                        "30" : 0.0,
                        "31" : 0.001035684547534089,
                        "32" : 0.0643152515900101,
                        "33" : 0.000695094118298313,
                        "34" : 0.004314657585149666,
                        "35" : 0.0011444056116558805,
                        "36" : 0.006964654160813452,
                        "37" : 0.09450937571247114,
                        "38" : 0.2253235064365597,
                        "39" : 0.006925051849105864,
                        "40" : 0.0004244501226668988,
                        "41" : 6.540953955756972e-05,
                        "42" : 0.0009086477463405339,
                        "43" : 7.049332989152885e-13,
                        "44" : 0.0005614305584971779,
                        "45" : 0.002095839097379324,
                        "46" : 0.00886627259802634,
                        "47" : 3.5146855021397576e-11,
                        "48" : 0.009204417310262988,
                        "49" : 0.0892568396539207,
                        "50" : 0.13444059095876187,
                        "51" : 0.001298013462256499,
                        "52" : 0.007999709984271726,
                        "53" : 0.00017752926589414175,
                        "54" : 0.0010607345524619595,
                        "55" : 2.0480299528925893e-06,
                        "56" : 0.0029938940096219625,
                        "57" : 8.657839850927246e-11,
                        "58" : 5.990841698485246e-06,
                        "59" : 0.0005933340623566161,
                        "60" : 0.0009099780913536982,
                        "61" : 0.002739195884802746,
                        "62" : 0.000730216778854724,
                        "63" : 0.09715494323589823
                    }
                ],
                "frozen" : false
            },
            "name" : "state1",
            "weight" : 1.0
        },
        {
            "class" : "State",
            "distribution" : {
                "class" : "Distribution",
                "dtype" : "int",
                "name" : "DiscreteDistribution",