{
    "class" : "HiddenMarkovModel",
    "name" : "F",
    "start" : {
        "class" : "State",
        "distribution" : null,
        "name" : "F-start",
        "weight" : 1.0
    },
    "end" : {
        "class" : "State",
        "distribution" : null,
        "name" : "F-end",
        "weight" : 1.0
    },
    "states" : [
        {
            "class" : "State",
            "distribution" : {
                "class" : "Distribution",
                "dtype" : "int",
                "name" : "DiscreteDistribution",
                "parameters" : [
                    {
                        "0" : 0.0036318693584923905,
                        "1" : 0.09133745869756592,
                        "2" : 0.27216078278386824,
                        "3" : 0.0056635592703013935,
                        "4" : 0.00553357034366715,
                        "5" : 0.0011610256484917904,
                        "6" : 0.0010552198671927126,
                        "7" : 0.0,
                        "8" : 0.00016971454342919114,
                        "9" : 0.01169943383398875,
                        "10" : 1.1757397476645188e-14,
                        "11" : 0.003234895412282684,
                        "12" : 0.0,
                        "13" : 0.0,
                        "14" : 0.0,
                        "15" : 0.0,
                        "16" : 0.0,
                        "17" : 0.0,
                        "18" : 7.466175527713044e-05,
                        "19" : 0.0,
                        "20" : 0.00022398526583132766,
                        "21" : 0.0,
                        "22" : 2.9554410474691226e-12,
                        "23" : 0.0,
                        "24" : 6.314641936238212e-27,
                        "25" : 0.0,
                        "26" : 3.111612475045783e-08,
                        "27" : 0.0,
                        "28" : 2.4268218335609236e-15,
                        "29" : 0.0,
                        "30" : 0.0,
                        "31" : 7.313285005816346e-05,
                        "32" : 0.00020310753680585265,
                        "33" : 0.000130182107940394,
                        "34" : 0.008165696355225458,
                        "35" : 0.0004268517190368947,
                        "36" : 4.148287138173022e-09,
                        "37" : 0.0014635942066055145,
                        "38" : 0.0023610868189531393,
                        "39" : 3.621783716946812e-06,
                        "40" : 0.0014582428640283788,
                        "41" : 0.00026380823507725555,
                        "42" : 5.856798315149082e-07,
                        "43" : 1.1749069598921242e-15,
                        "44" : 0.002886203065072895,
                        "45" : 5.48675560230172e-06,
                        "46" : 0.018336820877874395,
                        "47" : 1.5075328771702708e-16,
                        "48" : 0.07660358833720039,
                        "49" : 0.1898147987917213,
                        "50" : 0.005641552943978529,
                        "51" : 0.002237561809747828,
                        "52" : 0.03318951235787166,
                        "53" : 0.11296546486212977,
                        "54" : 0.11620767347296165,
                        "55" : 0.00045353440126862,
                        "56" : 0.006905283260434783,
                        "57" : 0.0010988163073190071,
                        "58" : 0.018178155577076405,
                        "59" : 0.0013568909779037351,
                        "60" : 0.0032829346962671806,
                        "61" : 1.3341844894648636e-07,
                        "62" : 0.00033945765242301767,
                        "63" : 8.229649034623336e-09
                    }
                ],
                "frozen" : false
            },
            "name" : "state0",
            "weight" : 1.0
        },
        {
            "class" : "State",
            "distribution" : {
                "class" : "Distribution",
                "dtype" : "int",
                "name" : "DiscreteDistribution",
                "parameters" : [
                    {
                        "0" : 0.0015396087782326299,
                        "1" : 0.0018611961001594208,
                        "2" : 1.7183976121729545e-12,
                        "3" : 0.004155636533753183,
                        "4" : 1.503277469560146e-12,
                        "5" : 0.0005394793515428072,
                        "6" : 0.0017202629195837132,
                        "7" : 0.0,
                        "8" : 0.10202768992825599,
                        "9" : 0.0011866949284066195,
                        "10" : 0.0005637789853558629,
                        "11" : 3.6043462407012807e-05,
                        "12" : 0.0,
                        "13" : 0.0,
                        "14" : 0.0,
                        "15" : 0.0,
                        "16" : 0.0,
                        "17" : 0.0,
                        "18" : 1.556814372496443e-25,
                        "19" : 0.0,
                        "20" : 5.595383026382438e-23,
                        "21" : 0.0,
                        "22" : 0.00016471289076286607,
                        "23" : 0.0,
                        "24" : 8.235644701247788e-05,
                        "25" : 0.0,
                        "26" : 0.00016467856790572456,
                        "27" : 0.0,
                        "28" : 0.0001525121634358804,
                        "29" : 0.0,
                        "30" : 0.0,
                        "31" : 8.404292225230859e-05,
                        "32" : 0.00012976313239475526,
                        "33" : 3.1182841253698393e-12,
                        "34" : 0.00036740353953852977,
                        "35" : 0.004034470741736078,
                        "36" : 0.0017708324617390868,
                        "37" : 0.0600831670609568,
                        "38" : 2.365590536846917e-05,
                        "39" : 5.0936597096021696e-05,
                        "40" : 1.7781810156879004e-15,
                        "41" : 2.851026047455185e-05,
                        "42" : 0.0006790495084239737,
                        "43" : 0.0005979912615052329,
                        "44" : 1.4263918197192874e-12,
                        "45" : 0.0049548934849168265,
                        "46" : 0.006986594986912834,
                        "47" : 0.15562902979236373,
                        "48" : 3.796036493918541e-05,
                        "49" : 0.009948195148785957,
                        "50" : 0.11121555043473799,
                        "51" : 0.07516603303075414,
                        "52" : 0.0004971349431139689,
                        "53" : 0.0003396059062235834,
                        "54" : 0.0032137166915080324,
                        "55" : 0.0006526671120495745,
                        "56" : 0.001601701370549778,
                        "57" : 0.0012571042445868844,
                        "58" : 0.007124887780128543,
                        "59" : 0.07408283217071991,
                        "60" : 0.05162289780560327,
                        "61" : 0.20520033727122092,
                        "62" : 0.02038549517183411,
                        "63" : 0.08803888783298566
                    }
                ],
                "frozen" : false
            },
            "name" : "state1",
            "weight" : 1.0
        },
        {
            "class" : "State",
            "distribution" : {
                "class" : "Distribution",
                "dtype" : "int",
                "name" : "DiscreteDistribution",
                "parameters" : [
                    {
                        "0" : 0.13154011659273432,
                        "1" : 0.025108104294668237,
                        "2" : 0.006930385934390596,
                        "3" : 0.00021504559269120582,