{
    "class" : "HiddenMarkovModel",
    "name" : "E",
    "start" : {
        "class" : "State",
        "distribution" : null,
        "name" : "E-start",
        "weight" : 1.0
    },
    "end" : {
        "class" : "State",
        "distribution" : null,
        "name" : "E-end",
        "weight" : 1.0
    },
    "states" : [
        {
            "class" : "State",
            "distribution" : {
                "class" : "Distribution",
                "dtype" : "int",
                "name" : "DiscreteDistribution",
                "parameters" : [
                    {
                        "0" : 3.055979367893263e-17,
                        "1" : 7.07484787656268e-05,
                        "2" : 2.754856314955306e-12,
                        "3" : 0.0021065954244998252,
                        "4" : 2.9061680219927166e-20,
                        "5" : 3.870210019695558e-10,
                        "6" : 0.0001685339537441408,
                        "7" : 0.00012146049022018903,
                        "8" : 2.9856264464462406e-16,
                        "9" : 2.349253620471238e-11,
                        "10" : 5.747331619076908e-15,
                        "11" : 4.930096376494229e-10,
                        "12" : 0.0,
                        "13" : 0.0,
                        "14" : 0.0,
                        "15" : 0.0,
                        "16" : 5.160644395916878e-20,
                        "17" : 0.0,
                        "18" : 1.679915463042297e-17,
                        "19" : 0.0,
                        "20" : 3.466661944125509e-27,
                        "21" : 0.00039165004052074985,
                        "22" : 5.005435531820369e-05,
                        "23" : 9.278092602229503e-05,
                        "24" : 0.0,
                        "25" : 0.0,
                        "26" : 0.00017802707175386965,
                        "27" : 0.0,
                        "28" : 2.202969806518652e-15,
                        "29" : 0.0,
                        "30" : 0.0,
                        "31" : 0.0002798413009263714,
                        "32" : 4.1009192858264757e-16,
                        "33" : 2.1061947944515506e-16,
                        "34" : 1.1403310530554442e-14,
                        "35" : 0.00012661091792252164,
                        "36" : 1.3895789454450379e-19,
                        "37" : 2.913481116836784e-20,
                        "38" : 7.78946515395051e-16,
                        "39" : 2.0400907929622723e-15,
                        "40" : 5.383277019654066e-13,
                        "41" : 0.013078459803361904,
                        "42" : 0.007924323770305245,
                        "43" : 0.23320645519754082,
                        "44" : 1.0797182733833861e-11,
                        "45" : 0.0016959527932322426,
                        "46" : 0.0027551356935306137,
                        "47" : 0.035642647648658994,
                        "48" : 8.409990939110775e-09,
                        "49" : 0.000262412365720898,
                        "50" : 4.688500153840498e-14,
                        "51" : 0.0072098753136789805,
                        "52" : 3.876105939545239e-12,
                        "53" : 9.303312265428141e-09,
                        "54" : 8.94899418728356e-06,
                        "55" : 1.5986702951616182e-07,
                        "56" : 0.005259498122691437,
                        "57" : 0.04149726291303955,
                        "58" : 0.022649049951181756,
                        "59" : 0.13447807609323423,
                        "60" : 0.17720611530955813,
                        "61" : 0.16265197741113327,
                        "62" : 0.10420083850442094,
                        "63" : 0.046686488652940936
                    }
                ],
                "frozen" : false
            },
            "name" : "state0",
            "weight" : 1.0
        },
        {
            "class" : "State",
            "distribution" : {
                "class" : "Distribution",
                "dtype" : "int",
                "name" : "DiscreteDistribution",
                "parameters" : [
                    {
                        "0" : 9.070854258770246e-05,
                        "1" : 1.8274745178563495e-06,
                        "2" : 9.58402904453863e-15,
                        "3" : 2.7038656488872947e-07,
                        "4" : 4.810235226621152e-16,
                        "5" : 8.597943320405244e-11,
                        "6" : 2.4516776631465094e-07,
                        "7" : 3.533756833878794e-08,
                        "8" : 0.016840227877849098,
                        "9" : 0.02934908484775123,
                        "10" : 0.2595109750793753,
                        "11" : 0.10371518733637732,
                        "12" : 0.0,
                        "13" : 0.0,
                        "14" : 0.0,
                        "15" : 0.0,
                        "16" : 3.518492082916144e-17,
                        "17" : 0.0,
                        "18" : 1.0642051265673864e-11,
                        "19" : 0.0,
                        "20" : 2.0058707160974474e-23,
                        "21" : 7.878094187942918e-11,
                        "22" : 0.000345798466008126,
                        "23" : 2.2157917433114544e-08,
                        "24" : 0.0,
                        "25" : 0.0,
                        "26" : 3.4070060748376177e-15,
                        "27" : 0.0,
                        "28" : 6.39407492882145e-07,
                        "29" : 0.0,
                        "30" : 0.0,
                        "31" : 1.830219511685133e-10,
                        "32" : 0.00047648902725683294,
                        "33" : 0.0012950890881159825,
                        "34" : 1.6772743373024777e-16,
                        "35" : 0.00032554002676332813,
                        "36" : 1.4956910740015595e-11,
                        "37" : 5.626992785215657e-12,
                        "38" : 0.0002524919980644199,
                        "39" : 0.003472369720237359,
                        "40" : 0.0012719974575265197,
                        "41" : 0.008612215484654344,
                        "42" : 0.3901498921230673,
                        "43" : 0.00380327089150256,
                        "44" : 0.0002308100592635324,
                        "45" : 0.0003433157679038439,
                        "46" : 0.0005242105172224781,
                        "47" : 4.494067760670598e-06,
                        "48" : 5.325216512854432e-06,
                        "49" : 9.298490777133289e-07,
                        "50" : 3.619659960233229e-11,
                        "51" : 0.0006770193874543523,
                        "52" : 0.0001358924595830291,
                        "53" : 2.989761677989097e-06,
                        "54" : 2.3539283176951686e-06,
                        "55" : 4.919369066975339e-14,
                        "56" : 0.0029369082361048638,
                        "57" : 1.0205955815318679e-05,
                        "58" : 0.0001370981891693357,
                        "59" : 0.0003334050472761654,
                        "60" : 0.0007877906460290897,
                        "61" : 0.00406041775560604,
                        "62" : 0.0007157440752638895,
                        "63" : 0.16957671076572745
                    }
                ],
                "frozen" : false
            },
            "name" : "state1",
            "weight" : 1.0
        },
        {
            "class" : "State",
            "distribution" : {
                "class" : "Distribution",
                "dtype" : "int",
                "name" : "DiscreteDistribution",
                "parameters" : [
                    {
                        "0" : 0.007766045558828877,
                        "1" : 0.006498521341795177,