{
    "class" : "HiddenMarkovModel",
    "name" : "G2",
    "start" : {
        "class" : "State",
        "distribution" : null,
        "name" : "G2-start",
        "weight" : 1.0
    },
    "end" : {
        "class" : "State",
        "distribution" : null,
        "name" : "G2-end",
        "weight" : 1.0
    },
    "states" : [
        {
            "class" : "State",
            "distribution" : {
                "class" : "Distribution",
                "dtype" : "int",
                "name" : "DiscreteDistribution",
                "parameters" : [
                    {
                        "0" : 0.0006707860891410862,
                        "1" : 3.2646607355168858e-22,
                        "2" : 0.0008082771622091722,
                        "3" : 0.0038707387706434673,
                        "4" : 0.0016974867312564295,
                        "5" : 2.6913200274601247e-10,
                        "6" : 0.00014816942645928357,
                        "7" : 9.979318268068593e-21,
                        "8" : 0.0016966756759451461,
                        "9" : 0.000755550185211555,
                        "10" : 4.1037971687195606e-22,
                        "11" : 2.2676484572950087e-20,
                        "12" : 0.0,
                        "13" : 0.0,
                        "14" : 0.0,
                        "15" : 0.0,
                        "16" : 1.0444942551558765e-23,
                        "17" : 0.0,
                        "18" : 6.055673861604976e-08,
                        "19" : 0.0,
                        "20" : 0.0,
                        "21" : 0.0,
                        "22" : 0.0,
                        "23" : 1.2525501497011392e-13,
                        "24" : 0.0,
                        "25" : 0.0,
                        "26" : 0.0,
                        "27" : 0.0,
                        "28" : 0.0,
                        "29" : 0.0,
                        "30" : 0.0,
                        "31" : 0.0,
                        "32" : 0.018409017378878328,
                        "33" : 0.0007557781086368427,
                        "34" : 0.0,
                        "35" : 0.0020141880299570404,
                        "36" : 0.0,
                        "37" : 0.0,
                        "38" : 0.00012596301810615954,
                        "39" : 0.0,
                        "40" : 0.3193921365673425,
                        "41" : 0.22415508372602153,
                        "42" : 0.047027605411060186,
                        "43" : 0.19990051141961399,
                        "44" : 0.004660631669926357,
                        "45" : 0.018353935857860923,
                        "46" : 0.01736049817017283,
                        "47" : 0.06503028628619378,
                        "48" : 0.015760430330487695,
                        "49" : 0.0016440286136712192,
                        "50" : 5.145567684614754e-07,
                        "51" : 0.0008121133970254639,
                        "52" : 0.000566983397930207,
                        "53" : 2.1283352138282158e-20,
                        "54" : 4.370244662281608e-18,
                        "55" : 6.074058210314068e-14,
                        "56" : 0.015664587522844803,
                        "57" : 0.007057287344287932,
                        "58" : 3.043656234847723e-17,
                        "59" : 4.181759456274748e-11,
                        "60" : 0.0257378184777784,
                        "61" : 0.005801351517591313,
                        "62" : 0.00012150428910431573,
                        "63" : 2.7176914608114416e-16
                    }
                ],
                "frozen" : false
            },
            "name" : "state0",
            "weight" : 1.0
        },
        {
            "class" : "State",
            "distribution" : {
                "class" : "Distribution",
                "dtype" : "int",
                "name" : "DiscreteDistribution",
                "parameters" : [
                    {
                        "0" : 0.00038249310236776295,
                        "1" : 4.252055790741629e-22,
                        "2" : 4.488907286219608e-14,
                        "3" : 1.4643421899493058e-09,
                        "4" : 0.00016729447413130682,
                        "5" : 6.0423199780930816e-18,
                        "6" : 1.5959116161377227e-11,
                        "7" : 0.0001681329756720091,
                        "8" : 0.084849184121333,
                        "9" : 0.22146008875485954,
                        "10" : 0.3174026549348157,
                        "11" : 0.10003892818350847,
                        "12" : 0.0,
                        "13" : 0.0,
                        "14" : 0.0,
                        "15" : 0.0,
                        "16" : 2.7277137446101783e-20,
                        "17" : 0.0,
                        "18" : 1.3297751258914794e-14,
                        "19" : 0.0,
                        "20" : 0.0,
                        "21" : 0.0,
                        "22" : 0.0,
                        "23" : 7.172490715816339e-13,
                        "24" : 0.0,
                        "25" : 0.0,
                        "26" : 0.0,
                        "27" : 0.0,
                        "28" : 0.0,
                        "29" : 0.0,
                        "30" : 0.0,
                        "31" : 0.0,
                        "32" : 0.00017107023700261328,
                        "33" : 1.7805604164483793e-29,
                        "34" : 0.0,
                        "35" : 1.4670373885358618e-16,
                        "36" : 0.0,
                        "37" : 0.0,
                        "38" : 4.993958255842341e-35,
                        "39" : 0.0,
                        "40" : 0.0018628960588989278,
                        "41" : 5.308882277895697e-11,
                        "42" : 3.0846150503104244e-08,
                        "43" : 0.00026511462498569454,
                        "44" : 4.810676058818704e-23,
                        "45" : 1.1700215910117916e-15,
                        "46" : 5.952058890851592e-12,
                        "47" : 0.002958900738835781,
                        "48" : 0.005179270371475809,
                        "49" : 0.00016359548339902377,
                        "50" : 0.0003978739381228405,
                        "51" : 3.546265555343448e-06,
                        "52" : 0.012599820628513551,
                        "53" : 0.012921007951505423,
                        "54" : 2.7196927816166405e-14,
                        "55" : 2.575295070428674e-24,
                        "56" : 9.643393395454328e-13,
                        "57" : 3.524650396904852e-05,
                        "58" : 0.00024281626438949847,
                        "59" : 0.009811766265464187,
                        "60" : 0.0012150493566695404,
                        "61" : 0.09312348464834082,
                        "62" : 0.012293726960588216,
                        "63" : 0.12228600476833573
                    }
                ],
                "frozen" : false
            },
            "name" : "state1",
            "weight" : 1.0
        },
        {
            "class" : "State",
            "distribution" : {
                "class" : "Distribution",
                "dtype" : "int",
                "name" : "DiscreteDistribution",
                "parameters" : [
                    {
                        "0" : 3.3131983138364487e-12,
                        "1" : 2.3495722439277826e-09,
                        "2" : 0.00047597315731708084,
                        "3" : 0.035576631532772206,
                        "4" : 5.838189277063554e-18,
                        "5" : 1.0453997357812555e-10,
                        "6" : 0.005450461163805356,
                        "7" : 0.0019052980851843226,
                        "8" : 3.555795660319927e-14,