{
    "class" : "HiddenMarkovModel",
    "name" : "E",
    "start" : {
        "class" : "State",
        "distribution" : null,
        "name" : "E-start",
        "weight" : 1.0
    },
    "end" : {
        "class" : "State",
        "distribution" : null,
        "name" : "E-end",
        "weight" : 1.0
    },
    "states" : [
        {
            "class" : "State",
            "distribution" : {
                "class" : "Distribution",
                "dtype" : "int",
                "name" : "DiscreteDistribution",
                "parameters" : [
                    {
                        "0" : 3.419972640219003e-05,
                        "1" : 0.0,
                        "2" : 0.0005129958960328368,
                        "3" : 0.0026675786593706678,
                        "4" : 6.839945280437617e-05,
                        "5" : 3.419972640219003e-05,
                        "6" : 6.839945280436936e-05,
                        "7" : 0.000991792065663473,
                        "8" : 0.0006155950752394128,
                        "9" : 0.00010259917920655941,
                        "10" : 0.00023939808481533313,
                        "11" : 0.0003077975376196947,
                        "12" : 0.0006155950752393817,
                        "13" : 0.0002735978112175066,
                        "14" : 0.0018125854993159725,
                        "15" : 0.00047879616963062056,
                        "16" : 6.839945280437714e-05,
                        "17" : 6.839945280437034e-05,
                        "18" : 3.4199726402187115e-05,
                        "19" : 0.0,
                        "20" : 0.00010259917920656232,
                        "21" : 3.419972640218906e-05,
                        "22" : 0.00010259917920656426,
                        "23" : 0.00013679890560874944,
                        "24" : 0.0,
                        "25" : 0.0,
                        "26" : 0.0005471956224350201,
                        "27" : 0.0003077975376196938,
                        "28" : 3.419972640218906e-05,
                        "29" : 0.0,
                        "30" : 0.00010259917920656328,
                        "31" : 0.0,
                        "32" : 0.006087551299589743,
                        "33" : 0.0005813953488371858,
                        "34" : 0.010225718194254533,
                        "35" : 0.016210670314637278,
                        "36" : 0.007831737346101209,
                        "37" : 0.006395348837208865,
                        "38" : 0.009097127222982176,
                        "39" : 0.012346101231190067,
                        "40" : 0.014876880984952089,
                        "41" : 0.012995896032831735,
                        "42" : 0.00041039671682624636,
                        "43" : 0.0008549931600546983,
                        "44" : 0.021135430916551935,
                        "45" : 0.0073529411764703435,
                        "46" : 3.419972640218906e-05,
                        "47" : 0.00017099863201094627,
                        "48" : 0.0,
                        "49" : 0.0,
                        "50" : 0.0,
                        "51" : 0.0,
                        "52" : 0.0,
                        "53" : 0.0,
                        "54" : 0.0,
                        "55" : 0.0,
                        "56" : 0.0,
                        "57" : 0.0,
                        "58" : 0.0,
                        "59" : 0.0,
                        "60" : 0.0,
                        "61" : 0.0,
                        "62" : 0.0,
                        "63" : 0.0,
                        "64" : 0.00020519835841314115,
                        "65" : 3.419972640218128e-05,
                        "66" : 0.00013679890560875722,
                        "67" : 0.0,
                        "68" : 0.0,
                        "69" : 0.0,
                        "70" : 0.0,
                        "71" : 0.0,
                        "72" : 0.0,
                        "73" : 3.419972640219683e-05,
                        "74" : 6.839945280437812e-05,
                        "75" : 0.0,
                        "76" : 0.0,
                        "77" : 0.0,
                        "78" : 0.0,
                        "79" : 0.0,
                        "80" : 0.0,
                        "81" : 0.0,
                        "82" : 6.839945280437325e-05,
                        "83" : 3.419972640218906e-05,
                        "84" : 0.0002735978112175164,
                        "85" : 3.4199726402183225e-05,
                        "86" : 0.0,
                        "87" : 0.0,
                        "88" : 0.0,
                        "89" : 6.839945280437617e-05,
                        "90" : 0.0,
                        "91" : 3.4199726402188084e-05,
                        "92" : 3.4199726402188084e-05,
                        "93" : 0.0,
                        "94" : 0.0,
                        "95" : 0.0,
                        "96" : 0.0,
                        "97" : 0.0,
                        "98" : 0.0,
                        "99" : 0.0,
                        "100" : 0.0,
                        "101" : 0.0,
                        "102" : 0.0,
                        "103" : 0.0,
                        "104" : 0.0,
                        "105" : 0.0,
                        "106" : 0.0005129958960328184,
                        "107" : 0.0,
                        "108" : 0.0,
                        "109" : 0.0,
                        "110" : 0.0,
                        "111" : 0.0,
                        "112" : 0.0004787961696306459,
                        "113" : 0.0,
                        "114" : 0.0,
                        "115" : 0.0,
                        "116" : 0.0,
                        "117" : 0.0,
                        "118" : 0.0,
                        "119" : 0.0,
                        "120" : 0.0,
                        "121" : 0.0,
                        "122" : 0.0,
                        "123" : 0.0,
                        "124" : 0.0002051983584131227,
                        "125" : 3.419972640218517e-05,
                        "126" : 0.0,
                        "127" : 6.83994528043684e-05,
                        "128" : 0.022400820793433897,
                        "129" : 0.011969904240765886,
                        "130" : 0.00909712722298189,
                        "131" : 0.007797537619698595,
                        "132" : 0.0015389876880984445,
                        "133" : 0.002359781121750987,
                        "134" : 0.00017099863201094334,
                        "135" : 0.0015047879616962845,
                        "136" : 0.00020519835841313825,
                        "137" : 0.0,
                        "138" : 0.0002051983584131363,
                        "139" : 0.00010259917920655941,
                        "140" : 0.00013679890560875526,
                        "141" : 0.0007865937072503095,
                        "142" : 0.0005813953488371693,
                        "143" : 0.0009575923392612693,
                        "144" : 0.00044459644322843736,
                        "145" : 0.0007865937072503376,
                        "146" : 6.839945280437617e-05,
                        "147" : 0.00027359781121750375,
                        "148" : 0.0015389876880984687,
                        "149" : 3.419972640219003e-05,
                        "150" : 3.419972640218906e-05,
                        "151" : 0.0,
                        "152" : 0.001402188782489733,
                        "153" : 0.0024965800273596527,
                        "154" : 0.0005129958960327027,
                        "155" : 0.00030779753761969665,
                        "156" : 0.000718194254445944,
                        "157" : 0.00013679890560875526,
                        "158" : 0.00013679890560872707,
                        "159" : 0.0006839945280437821,