{
    "class" : "HiddenMarkovModel",
    "name" : "I3",
    "start" : {
        "class" : "State",
        "distribution" : null,
        "name" : "I3-start",
        "weight" : 1.0
    },
    "end" : {
        "class" : "State",
        "distribution" : null,
        "name" : "I3-end",
        "weight" : 1.0
    },
    "states" : [
        {
            "class" : "State",
            "distribution" : {
                "class" : "Distribution",
                "dtype" : "int",
                "name" : "DiscreteDistribution",
                "parameters" : [
                    {
                        "0" : 0.0,
                        "1" : 0.0,
                        "2" : 0.0,
                        "3" : 0.0,
                        "4" : 5.598790661217332e-05,
                        "5" : 0.0,
                        "6" : 0.0,
                        "7" : 0.0,
                        "8" : 5.5987906612165364e-05,
                        "9" : 5.598790661216377e-05,
                        "10" : 0.0,
                        "11" : 5.5987906612160594e-05,
                        "12" : 0.00033592743967300495,
                        "13" : 0.0,
                        "14" : 0.0005598790661216743,
                        "15" : 0.0009517944124067555,
                        "16" : 0.0,
                        "17" : 0.0,
                        "18" : 0.0,
                        "19" : 0.00016796371983651996,
                        "20" : 0.0006718548793460369,
                        "21" : 0.000335927439672989,
                        "22" : 0.0003359274396730431,
                        "23" : 0.001567661385140643,
                        "24" : 0.0003919153462851878,
                        "25" : 0.0006718548793460608,
                        "26" : 0.0016236492917528736,
                        "27" : 0.0015676613851408085,
                        "28" : 0.0011757460388556588,
                        "29" : 0.003639213929791358,
                        "30" : 0.0024634678909354274,
                        "31" : 0.0108056659761494,
                        "32" : 0.0,
                        "33" : 0.0,
                        "34" : 0.00039191534628522283,
                        "35" : 0.0034152623033426696,
                        "36" : 5.5987906612171734e-05,
                        "37" : 5.598790661217332e-05,
                        "38" : 0.0013437097586920627,
                        "39" : 0.0026314316107721317,
                        "40" : 0.014668831532389452,
                        "41" : 0.025978388668049496,
                        "42" : 0.007950282738929,
                        "43" : 0.015060746878675266,
                        "44" : 0.026706231454008068,
                        "45" : 0.006550585073624302,
                        "46" : 0.00873411343149946,
                        "47" : 0.0069425004199097865,
                        "48" : 0.0019595767314261776,
                        "49" : 0.0013437097586922026,
                        "50" : 0.0017916130115893491,
                        "51" : 0.0005598790661216409,
                        "52" : 0.003695201836403336,
                        "53" : 0.0014556855719163218,
                        "54" : 0.0030233469570571524,
                        "55" : 0.00459100834219791,
                        "56" : 0.015284698505122608,
                        "57" : 0.007502379486031243,
                        "58" : 0.0040311292760765475,
                        "59" : 0.0045910083421983015,
                        "60" : 0.006326633447175666,
                        "61" : 0.0051508874083198005,
                        "62" : 0.003975141369464459,
                        "63" : 0.007110464139745697,
                        "64" : 0.00011197581322434028,
                        "65" : 0.0008958065057946952,
                        "66" : 0.0013996976653042137,
                        "67" : 0.001623649291752826,
                        "68" : 0.0009517944124068606,
                        "69" : 0.0009517944124067714,
                        "70" : 0.001623649291753055,
                        "71" : 0.000727842785958199,
                        "72" : 0.00100778231901915,
                        "73" : 0.001007782319019096,
                        "74" : 0.002295504171099009,
                        "75" : 0.0011757460388557067,
                        "76" : 0.0007838306925703916,
                        "77" : 0.0008958065057946904,
                        "78" : 0.00212754045126244,
                        "79" : 0.001287721852080063,
                        "80" : 0.0029673590504453833,
                        "81" : 0.003639213929791441,
                        "82" : 0.008398185991825497,
                        "83" : 0.008622137618274425,
                        "84" : 0.0026314316107723355,
                        "85" : 0.009573932030681019,
                        "86" : 0.006326633447176055,
                        "87" : 0.005878730194277683,
                        "88" : 0.009070040871171723,
                        "89" : 0.01651643245059013,
                        "90" : 0.00957393203068138,
                        "91" : 0.018364033368792023,
                        "92" : 0.01601254129108172,
                        "93" : 0.01853199708862879,
                        "94" : 0.021107440792787854,
                        "95" : 0.015844577571243912,
                        "96" : 0.005094899501707557,
                        "97" : 0.002519455797547747,
                        "98" : 0.007166452046357762,
                        "99" : 0.0008958065057947159,
                        "100" : 0.0016236492917529007,
                        "101" : 0.0006718548793460862,
                        "102" : 0.0014556855719164029,
                        "103" : 0.0003919153462852578,
                        "104" : 0.0009517944124070006,
                        "105" : 0.002071552544650405,
                        "106" : 0.0051508874083196765,
                        "107" : 0.003247298583505978,
                        "108" : 0.0010637702256312248,
                        "109" : 0.0005038911595095472,
                        "110" : 0.00268741951738428,
                        "111" : 0.000727842785958285,
                        "112" : 0.005934718100890606,
                        "113" : 0.001903588824813955,
                        "114" : 0.0008958065057948066,
                        "115" : 0.0020715525446504033,
                        "116" : 0.0008958065057946649,
                        "117" : 0.0010077823190190783,
                        "118" : 0.0013437097586920723,
                        "119" : 0.0016796371983651965,
                        "120" : 0.0017356251049773603,
                        "121" : 0.002855383237220701,
                        "122" : 0.003359274396730393,
                        "123" : 0.009629919937293412,
                        "124" : 0.008902077151335664,
                        "125" : 0.011141593415822344,
                        "126" : 0.007278427859582034,
                        "127" : 0.018811936621690128,
                        "128" : 5.598790661216855e-05,
                        "129" : 0.00011197581322434187,
                        "130" : 0.0028553832372207677,
                        "131" : 0.0011197581322433773,
                        "132" : 0.0,
                        "133" : 0.00016796371983651362,
                        "134" : 0.0,
                        "135" : 0.0,
                        "136" : 5.598790661216377e-05,
                        "137" : 5.5987906612160594e-05,
                        "138" : 0.0,
                        "139" : 0.0,
                        "140" : 0.0,
                        "141" : 5.598790661217014e-05,
                        "142" : 0.0,
                        "143" : 0.0,
                        "144" : 0.0,