{
    "class" : "HiddenMarkovModel",
    "name" : "G2",
    "start" : {
        "class" : "State",
        "distribution" : null,
        "name" : "G2-start",
        "weight" : 1.0
    },
    "end" : {
        "class" : "State",
        "distribution" : null,
        "name" : "G2-end",
        "weight" : 1.0
    },
    "states" : [
        {
            "class" : "State",
            "distribution" : {
                "class" : "Distribution",
                "dtype" : "int",
                "name" : "DiscreteDistribution",
                "parameters" : [
                    {
                        "0" : 0.0,
                        "1" : 0.0,
                        "2" : 0.00031598571744559866,
                        "3" : 0.0011375485828039793,
                        "4" : 0.0,
                        "5" : 0.0,
                        "6" : 0.0,
                        "7" : 0.0,
                        "8" : 0.0010111542958261474,
                        "9" : 0.00015799285872279933,
                        "10" : 3.1598571744518555e-05,
                        "11" : 0.00015799285872274726,
                        "12" : 3.15985717445437e-05,
                        "13" : 0.00022119000221206637,
                        "14" : 0.01816917875312866,
                        "15" : 0.0005687742914019878,
                        "16" : 0.00034758428919010644,
                        "17" : 6.319714348912871e-05,
                        "18" : 0.00012639428697820714,
                        "19" : 3.159857174461196e-05,
                        "20" : 0.0,
                        "21" : 0.0,
                        "22" : 9.479571523367782e-05,
                        "23" : 0.0,
                        "24" : 6.319714348926342e-05,
                        "25" : 3.159857174456526e-05,
                        "26" : 0.0017695200176954316,
                        "27" : 9.479571523352872e-05,
                        "28" : 0.0,
                        "29" : 0.0,
                        "30" : 0.000537175719658935,
                        "31" : 9.479571523352154e-05,
                        "32" : 0.00031598571744546937,
                        "33" : 0.0021171043068850693,
                        "34" : 0.015230511580874174,
                        "35" : 0.026353208834959917,
                        "36" : 0.007299270072992171,
                        "37" : 0.01592568015925373,
                        "38" : 0.016652447309372185,
                        "39" : 0.01674724302461234,
                        "40" : 0.016431257307167983,
                        "41" : 0.009827155812557548,
                        "42" : 3.159857174456526e-05,
                        "43" : 0.00022119000221187417,
                        "44" : 0.013366195847946996,
                        "45" : 0.013618984421895275,
                        "46" : 3.15985717445455e-05,
                        "47" : 3.159857174455628e-05,
                        "48" : 0.0,
                        "49" : 0.0,
                        "50" : 0.0,
                        "51" : 0.0,
                        "52" : 0.0,
                        "53" : 0.0,
                        "54" : 0.0,
                        "55" : 0.0,
                        "56" : 0.0,
                        "57" : 0.0,
                        "58" : 0.0,
                        "59" : 0.0,
                        "60" : 0.0,
                        "61" : 0.0,
                        "62" : 0.0,
                        "63" : 0.0,
                        "64" : 0.00012639428697820175,
                        "65" : 0.0,
                        "66" : 9.479571523369038e-05,
                        "67" : 0.0,
                        "68" : 0.0,
                        "69" : 0.0,
                        "70" : 0.0,
                        "71" : 0.0,
                        "72" : 0.0001263942869781389,
                        "73" : 0.0,
                        "74" : 0.0003159857174455412,
                        "75" : 0.0,
                        "76" : 0.0,
                        "77" : 0.0,
                        "78" : 0.0,
                        "79" : 0.0,
                        "80" : 0.0,
                        "81" : 0.0,
                        "82" : 0.0,
                        "83" : 0.0,
                        "84" : 0.00025278857395587544,
                        "85" : 0.0,
                        "86" : 0.0,
                        "87" : 0.0,
                        "88" : 0.0,
                        "89" : 0.0,
                        "90" : 0.0,
                        "91" : 0.0,
                        "92" : 0.0,
                        "93" : 0.0,
                        "94" : 0.0,
                        "95" : 0.0,
                        "96" : 0.0,
                        "97" : 0.0,
                        "98" : 0.0,
                        "99" : 0.0,
                        "100" : 0.0,
                        "101" : 0.0,
                        "102" : 0.0,
                        "103" : 0.0,
                        "104" : 0.0,
                        "105" : 0.0,
                        "106" : 3.159857174452574e-05,
                        "107" : 0.0,
                        "108" : 0.0,
                        "109" : 0.0,
                        "110" : 0.0,
                        "111" : 0.0,
                        "112" : 0.00025278857395645023,
                        "113" : 0.0,
                        "114" : 0.0,
                        "115" : 0.0,
                        "116" : 0.0,
                        "117" : 0.0,
                        "118" : 0.0,
                        "119" : 0.0,
                        "120" : 0.0,
                        "121" : 0.0,
                        "122" : 0.0,
                        "123" : 0.0,
                        "124" : 0.0,
                        "125" : 0.0,
                        "126" : 0.0,
                        "127" : 6.319714348912333e-05,
                        "128" : 0.0010743514393150373,
                        "129" : 0.002022308591648243,
                        "130" : 0.0009163585805925361,
                        "131" : 0.0011059500110594984,
                        "132" : 0.0,
                        "133" : 0.0002843871457009508,
                        "134" : 0.000126394286978182,
                        "135" : 3.1598571744550885e-05,
                        "136" : 0.0,
                        "137" : 0.0,
                        "138" : 0.0,
                        "139" : 0.0,
                        "140" : 0.0,
                        "141" : 0.0,
                        "142" : 0.00025278857395643944,
                        "143" : 0.0,
                        "144" : 0.0,
                        "145" : 0.0,
                        "146" : 0.0,
                        "147" : 0.0,
                        "148" : 0.0,
                        "149" : 0.0,
                        "150" : 0.0,
                        "151" : 0.0,
                        "152" : 0.0,
                        "153" : 6.319714348909818e-05,
                        "154" : 0.0,
                        "155" : 0.0,
                        "156" : 0.0,
                        "157" : 0.0,
                        "158" : 0.0,
                        "159" : 0.0,
                        "160" : 0.035106013208205215,
                        "161" : 0.020981451638391664,
                        "162" : 0.01459854014596458,
                        "163" : 0.027143173128584074,
                        "164" : 0.0013587385850157385,
                        "165" : 0.01908553733371094,
                        "166" : 0.0018327171611850293,
                        "167" : 0.02458368881726031,
                        "168" : 0.0006635700066354249,
                        "169" : 0.0013903371567602373,
                        "170" : 0.021360634499334112,