{
    "class" : "HiddenMarkovModel",
    "name" : "A",
    "start" : {
        "class" : "State",
        "distribution" : null,
        "name" : "A-start",
        "weight" : 1.0
    },
    "end" : {
        "class" : "State",
        "distribution" : null,
        "name" : "A-end",
        "weight" : 1.0
    },
    "states" : [
        {
            "class" : "State",
            "distribution" : {
                "class" : "Distribution",
                "dtype" : "int",
                "name" : "DiscreteDistribution",
                "parameters" : [
                    {
                        "0" : 0.002757475972478758,
                        "1" : 0.0004015741707493908,
                        "2" : 0.001392123791931069,
                        "3" : 0.002329130190345745,
                        "4" : 0.0001606296682997615,
                        "5" : 8.03148341498465e-05,
                        "6" : 0.0010976360667148987,
                        "7" : 0.0002409445024496582,
                        "8" : 0.004497630712392098,
                        "9" : 0.0024629882472626133,
                        "10" : 0.0010708644553314927,
                        "11" : 0.001633068294380578,
                        "12" : 0.002918105640778393,
                        "13" : 0.0021417289106629564,
                        "14" : 0.003881883650576437,
                        "15" : 0.0017936979626806666,
                        "16" : 0.010387385216716503,
                        "17" : 0.018847214413833652,
                        "18" : 0.014429898535592088,
                        "19" : 0.022407838727811945,
                        "20" : 0.013921237919309524,
                        "21" : 0.006666131234439178,
                        "22" : 0.013546435359944865,
                        "23" : 0.014670843038043174,
                        "24" : 0.01742831901052025,
                        "25" : 0.016250368109655904,
                        "26" : 0.017080288062539882,
                        "27" : 0.020988943324505457,
                        "28" : 0.01646454100072215,
                        "29" : 0.014349583701442844,
                        "30" : 0.02446925280432501,
                        "31" : 0.022140122613984313,
                        "32" : 0.000883463175648415,
                        "33" : 0.0016062966829972786,
                        "34" : 0.0033196798115277242,
                        "35" : 0.005755896447406879,
                        "36" : 0.001392123791930996,
                        "37" : 0.003828340427810235,
                        "38" : 0.0030787353090781897,
                        "39" : 0.0058094396701732194,
                        "40" : 0.015741707493372833,
                        "41" : 0.005755896447406795,
                        "42" : 0.001044092843948187,
                        "43" : 0.002275586967579388,
                        "44" : 0.007388964741787311,
                        "45" : 0.007736995689770142,
                        "46" : 0.0004818890048992099,
                        "47" : 0.00026771611383290587,
                        "48" : 0.00016062966829974323,
                        "49" : 0.0,
                        "50" : 0.0005622038390487383,
                        "51" : 8.031483414987086e-05,
                        "52" : 0.00029448772521619007,
                        "53" : 0.0001070864455331581,
                        "54" : 0.00026771611383291655,
                        "55" : 0.00032125933659950777,
                        "56" : 0.000669290284582254,
                        "57" : 0.00026771611383286483,
                        "58" : 0.0001606296682997691,
                        "59" : 5.3543222766576004e-05,
                        "60" : 0.0001070864455331444,
                        "61" : 0.0001070864455331444,
                        "62" : 0.0,
                        "63" : 0.0,
                        "64" : 0.014349583701442662,
                        "65" : 0.013251947634728055,
                        "66" : 0.01386769469654276,
                        "67" : 0.006318100286456634,
                        "68" : 0.005809439670174116,
                        "69" : 0.008620458865418757,
                        "70" : 0.008245656306053704,
                        "71" : 0.007121248627955636,
                        "72" : 0.016651942280404633,
                        "73" : 0.012555885738762021,
                        "74" : 0.017160602896686666,
                        "75" : 0.0173747757877541,
                        "76" : 0.013385805691644529,
                        "77" : 0.005220464219741934,
                        "78" : 0.010280298771182864,
                        "79" : 0.005193692608359311,
                        "80" : 0.006960618959655716,
                        "81" : 0.004792118437608791,
                        "82" : 0.011779509008647568,
                        "83" : 0.0030519636976951365,
                        "84" : 0.012502342515995767,
                        "85" : 0.0016598399057640768,
                        "86" : 0.0007228335073488103,
                        "87" : 0.0008031483414985761,
                        "88" : 5.3543222766583614e-05,
                        "89" : 0.00021417289106632229,
                        "90" : 0.0001338580569164849,
                        "91" : 0.0004015741707493223,
                        "92" : 0.0004015741707493345,
                        "93" : 5.354322276657448e-05,
                        "94" : 0.0,
                        "95" : 2.677161138328724e-05,
                        "96" : 0.0,
                        "97" : 0.00013385805691645448,
                        "98" : 0.00024094450244961866,
                        "99" : 0.0,
                        "100" : 0.0,
                        "101" : 0.0,
                        "102" : 0.00010708644553320984,
                        "103" : 0.0,
                        "104" : 0.0,
                        "105" : 2.6771611383299417e-05,
                        "106" : 0.000937006398415055,
                        "107" : 5.354322276657448e-05,
                        "108" : 0.0,
                        "109" : 0.0,
                        "110" : 0.0,
                        "111" : 0.0,
                        "112" : 0.0006692902845821506,
                        "113" : 0.00010708644553317331,
                        "114" : 0.0,
                        "115" : 8.031483414988911e-05,
                        "116" : 0.0,
                        "117" : 0.0,
                        "118" : 0.0,
                        "119" : 0.0,
                        "120" : 0.0,
                        "121" : 0.0,
                        "122" : 0.00037480255936605335,
                        "123" : 0.00018740127968303809,
                        "124" : 0.0017936979626803394,
                        "125" : 2.6771611383290286e-05,
                        "126" : 0.0002944877252161764,
                        "127" : 0.0008834631756485763,
                        "128" : 0.0014992102374641097,
                        "129" : 0.0006425186731990095,
                        "130" : 0.002650389526945565,
                        "131" : 0.0008031483414986157,
                        "132" : 0.001017321232564909,
                        "133" : 0.002275586967579464,
                        "134" : 0.0014992102374643426,
                        "135" : 0.000481889004899286,
                        "136" : 0.003801568816427298,
                        "137" : 0.0005889754504323574,
                        "138" : 0.00037480255936603204,
                        "139" : 0.00016062966829972954,
                        "140" : 0.0020881856878966192,
                        "141" : 0.00042834578213271,
                        "142" : 0.0005354322276658285,
                        "143" : 0.0016598399057643628,