{
    "class" : "HiddenMarkovModel",
    "name" : "F",
    "start" : {
        "class" : "State",
        "distribution" : null,
        "name" : "F-start",
        "weight" : 1.0
    },
    "end" : {
        "class" : "State",
        "distribution" : null,
        "name" : "F-end",
        "weight" : 1.0
    },
    "states" : [
        {
            "class" : "State",
            "distribution" : {
                "class" : "Distribution",
                "dtype" : "int",
                "name" : "DiscreteDistribution",
                "parameters" : [
                    {
                        "0" : 0.006217987901274714,
                        "1" : 0.0010328183293631138,
                        "2" : 0.013363404506461323,
                        "3" : 0.015091794363758862,
                        "4" : 0.010222793668192516,
                        "5" : 0.007883143983298249,
                        "6" : 0.010581118394701411,
                        "7" : 0.002107792508904726,
                        "8" : 0.021436249815575407,
                        "9" : 0.01810593765149355,
                        "10" : 0.018379950677654026,
                        "11" : 0.019918639209150348,
                        "12" : 0.018885820879793014,
                        "13" : 0.023375418923752816,
                        "14" : 0.017684379149711354,
                        "15" : 0.023649431949917626,
                        "16" : 0.004384208418525621,
                        "17" : 0.0003794026516027776,
                        "18" : 6.323377526718312e-05,
                        "19" : 0.00010538962544521412,
                        "20" : 0.0002529351010689529,
                        "21" : 0.00023185717598009795,
                        "22" : 4.2155850178203546e-05,
                        "23" : 0.0006323377526719461,
                        "24" : 0.0,
                        "25" : 6.323377526722624e-05,
                        "26" : 0.008557637586160445,
                        "27" : 8.431170035627529e-05,
                        "28" : 4.2155850178131656e-05,
                        "29" : 0.0,
                        "30" : 0.0,
                        "31" : 0.0,
                        "32" : 0.008873806462495753,
                        "33" : 0.006323377526720247,
                        "34" : 0.0075880530320631065,
                        "35" : 0.007061104904838915,
                        "36" : 0.008958118162853905,
                        "37" : 0.006829247728859972,
                        "38" : 0.0012646755053439306,
                        "39" : 0.013426638281730038,
                        "40" : 0.0030352212128255418,
                        "41" : 0.0018759353329269091,
                        "42" : 0.0001053896254455496,
                        "43" : 4.2155850178155624e-05,
                        "44" : 0.007545897181889372,
                        "45" : 0.004932234470841639,
                        "46" : 0.00023185717597969056,
                        "47" : 0.000674493602849874,
                        "48" : 0.0,
                        "49" : 0.0,
                        "50" : 0.0,
                        "51" : 0.0,
                        "52" : 0.0,
                        "53" : 0.0,
                        "54" : 0.0,
                        "55" : 0.0,
                        "56" : 0.0,
                        "57" : 0.0,
                        "58" : 0.0,
                        "59" : 0.0,
                        "60" : 0.0,
                        "61" : 0.0,
                        "62" : 0.0,
                        "63" : 0.0,
                        "64" : 0.0,
                        "65" : 0.0,
                        "66" : 4.2155850178117284e-05,
                        "67" : 0.0,
                        "68" : 0.0,
                        "69" : 0.0,
                        "70" : 0.0,
                        "71" : 0.0,
                        "72" : 0.00010538962544531716,
                        "73" : 0.0,
                        "74" : 0.0,
                        "75" : 0.0,
                        "76" : 0.0,
                        "77" : 0.0,
                        "78" : 0.0,
                        "79" : 0.0,
                        "80" : 0.0,
                        "81" : 2.1077925089046658e-05,
                        "82" : 0.0,
                        "83" : 0.0,
                        "84" : 0.0,
                        "85" : 0.0,
                        "86" : 0.0,
                        "87" : 0.0,
                        "88" : 0.0,
                        "89" : 0.0,
                        "90" : 0.0,
                        "91" : 0.0,
                        "92" : 0.0,
                        "93" : 0.0,
                        "94" : 0.0,
                        "95" : 0.0,
                        "96" : 0.0,
                        "97" : 0.0,
                        "98" : 0.0,
                        "99" : 0.0,
                        "100" : 0.0,
                        "101" : 0.0,
                        "102" : 0.0,
                        "103" : 0.0,
                        "104" : 0.0,
                        "105" : 0.0,
                        "106" : 0.0006744936028494524,
                        "107" : 0.0,
                        "108" : 0.0,
                        "109" : 0.0,
                        "110" : 0.0,
                        "111" : 0.0,
                        "112" : 2.1077925089104168e-05,
                        "113" : 0.0,
                        "114" : 0.0,
                        "115" : 0.0,
                        "116" : 0.0,
                        "117" : 0.0,
                        "118" : 0.0,
                        "119" : 0.0,
                        "120" : 0.0,
                        "121" : 0.0,
                        "122" : 0.0,
                        "123" : 0.0,
                        "124" : 0.0003161688763356759,
                        "125" : 0.0,
                        "126" : 0.0,
                        "127" : 6.323377526715914e-05,
                        "128" : 0.002634740636132325,
                        "129" : 0.00033724680142481126,
                        "130" : 0.0020656366587271453,
                        "131" : 0.002761208186665043,
                        "132" : 0.012984001854856791,
                        "133" : 0.012520287502894347,
                        "134" : 0.0057964293994891974,
                        "135" : 0.01230950825200559,
                        "136" : 0.010054170267480235,
                        "137" : 0.01500748266340709,
                        "138" : 0.011930105600403291,
                        "139" : 0.01287861222940789,
                        "140" : 0.018232405202029574,
                        "141" : 0.016272158168744864,
                        "142" : 0.0033935459393354935,
                        "143" : 0.007145416605188413,
                        "144" : 0.00427881879307623,
                        "145" : 0.007061104904832852,
                        "146" : 0.009843391016585002,
                        "147" : 0.011297767847728613,
                        "148" : 0.001348987205698895,
                        "149" : 0.0023818055350625167,
                        "150" : 0.00824146870981669,
                        "151" : 0.00535379297261628,
                        "152" : 0.004489598043967345,
                        "153" : 0.0034567797146035444,
                        "154" : 0.0015176106064113378,
                        "155" : 0.0004637143519588276,
                        "156" : 0.0007377273781167217,
                        "157" : 0.0005058702021371462,
                        "158" : 0.000632337752671419,
                        "159" : 0.00014754547562337213,
                        "160" : 0.0011803638049881417,
                        "161" : 0.00010538962544526205,