{
    "class" : "HiddenMarkovModel",
    "name" : "II",
    "start" : {
        "class" : "State",
        "distribution" : null,
        "name" : "II-start",
        "weight" : 1.0
    },
    "end" : {
        "class" : "State",
        "distribution" : null,
        "name" : "II-end",
        "weight" : 1.0
    },
    "states" : [
        {
            "class" : "State",
            "distribution" : {
                "class" : "Distribution",
                "dtype" : "int",
                "name" : "DiscreteDistribution",
                "parameters" : [
                    {
                        "0" : 0.003966476872880839,
                        "1" : 0.000671742051052373,
                        "2" : 0.0027509436376431306,
                        "3" : 0.002718955920926348,
                        "4" : 0.0003838526006013552,
                        "5" : 0.00012795086686711628,
                        "6" : 0.00044782803403492066,
                        "7" : 6.397543343356314e-05,
                        "8" : 0.004062440023031126,
                        "9" : 0.0022711278868914058,
                        "10" : 0.002399078753758513,
                        "11" : 0.001695348985989362,
                        "12" : 0.000735717484485958,
                        "13" : 0.0010555946516537529,
                        "14" : 0.002782931354359891,
                        "15" : 0.00041584031731813905,
                        "16" : 0.0007357174844859548,
                        "17" : 0.0004158403173181441,
                        "18" : 0.000223914017017461,
                        "19" : 0.00019192630030068217,
                        "20" : 0.0004798157507517086,
                        "21" : 6.397543343356314e-05,
                        "22" : 0.00041584031731815136,
                        "23" : 0.0010875823683705393,
                        "24" : 0.0003198771671678103,
                        "25" : 0.000287889450451026,
                        "26" : 0.0016953489859893515,
                        "27" : 0.0003518648838845873,
                        "28" : 0.0001599385835839024,
                        "29" : 9.596315015033927e-05,
                        "30" : 0.000351864883884585,
                        "31" : 0.00022391401701746374,
                        "32" : 0.004446292623632601,
                        "33" : 0.005022071524534587,
                        "34" : 0.005086046957968205,
                        "35" : 0.011451602584607663,
                        "36" : 0.006685432793807226,
                        "37" : 0.008540720363380584,
                        "38" : 0.002910882221227054,
                        "39" : 0.008604695796813937,
                        "40" : 0.012379246369394354,
                        "41" : 0.015610005757789208,
                        "42" : 0.006269592476489064,
                        "43" : 0.003390697971978766,
                        "44" : 0.01976840893097066,
                        "45" : 0.017337342460495286,
                        "46" : 0.0015993858358390432,
                        "47" : 0.002591005054059264,
                        "48" : 0.00041584031731816047,
                        "49" : 9.596315015033744e-05,
                        "50" : 0.0,
                        "51" : 0.0,
                        "52" : 3.198771671678066e-05,
                        "53" : 0.0,
                        "54" : 9.596315015034744e-05,
                        "55" : 0.00012795086686712357,
                        "56" : 0.003998464589597556,
                        "57" : 0.006173629326338644,
                        "58" : 0.0010236069349369866,
                        "59" : 0.00022391401701747282,
                        "60" : 9.596315015034472e-05,
                        "61" : 0.00012795086686712538,
                        "62" : 0.0009276437847866365,
                        "63" : 0.000767705201202735,
                        "64" : 0.00047981575075169765,
                        "65" : 9.596315015034244e-05,
                        "66" : 0.001055594651653791,
                        "67" : 0.00022391401701746738,
                        "68" : 6.397543343357042e-05,
                        "69" : 0.0,
                        "70" : 3.1987716716782484e-05,
                        "71" : 3.198771671678066e-05,
                        "72" : 0.0003518648838845973,
                        "73" : 0.00022391401701746464,
                        "74" : 0.00035186488388458913,
                        "75" : 9.596315015034472e-05,
                        "76" : 0.00031987716716780845,
                        "77" : 0.0,
                        "78" : 9.596315015034472e-05,
                        "79" : 3.198771671678157e-05,
                        "80" : 9.596315015034744e-05,
                        "81" : 3.1987716716779754e-05,
                        "82" : 0.00022391401701746464,
                        "83" : 6.397543343356132e-05,
                        "84" : 0.0004478280340349211,
                        "85" : 0.0,
                        "86" : 0.00019192630030068488,
                        "87" : 0.0,
                        "88" : 0.005501887275286308,
                        "89" : 0.007773015162177765,
                        "90" : 0.0074531379950099315,
                        "91" : 0.006589469643656899,
                        "92" : 0.00831680634636293,
                        "93" : 0.005917727592604601,
                        "94" : 0.005629838142153616,
                        "95" : 0.005725801292303832,
                        "96" : 0.0014714349689719213,
                        "97" : 0.0015354104024054782,
                        "98" : 0.0007037297677691719,
                        "99" : 0.00019192630030067943,
                        "100" : 0.0001599385835839006,
                        "101" : 6.397543343356223e-05,
                        "102" : 0.0002559017337342571,
                        "103" : 3.1987716716778846e-05,
                        "104" : 0.0005437911841852713,
                        "105" : 0.0002878894504510387,
                        "106" : 0.002335103320324958,
                        "107" : 0.000511803467468486,
                        "108" : 0.00015993858358390514,
                        "109" : 6.397543343355951e-05,
                        "110" : 0.00022391401701746464,
                        "111" : 6.397543343355951e-05,
                        "112" : 0.0015034226856887167,
                        "113" : 0.00012795086686712357,
                        "114" : 6.397543343356497e-05,
                        "115" : 0.0002878894504510269,
                        "116" : 0.0001279508668671272,
                        "117" : 0.00019192630030070035,
                        "118" : 0.000447828034034932,
                        "119" : 0.00019192630030069306,
                        "120" : 9.596315015034472e-05,
                        "121" : 0.0005118034674685084,
                        "122" : 0.0006717420510523893,
                        "123" : 0.002207152453457904,
                        "124" : 0.0035826242722794585,
                        "125" : 0.002686968204209587,
                        "126" : 0.003774550572580159,
                        "127" : 0.0015034226856886967,
                        "128" : 0.0022711278868914123,
                        "129" : 0.0008316806346362905,
                        "130" : 0.0019192630030068893,
                        "131" : 0.0009276437847866374,
                        "132" : 0.0013754718188215723,
                        "133" : 0.0013114963853879903,
                        "134" : 0.0007677052012027519,
                        "135" : 0.0,
                        "136" : 0.0013754718188215753,
                        "137" : 0.00044782803403492835,
                        "138" : 0.00015993858358389742,