{
    "class" : "HiddenMarkovModel",
    "name" : "Bm",
    "start" : {
        "class" : "State",
        "distribution" : null,
        "name" : "Bm-start",
        "weight" : 1.0
    },
    "end" : {
        "class" : "State",
        "distribution" : null,
        "name" : "Bm-end",
        "weight" : 1.0
    },
    "states" : [
        {
            "class" : "State",
            "distribution" : {
                "class" : "Distribution",
                "dtype" : "int",
                "name" : "DiscreteDistribution",
                "parameters" : [
                    {
                        "0" : 0.0,
                        "1" : 0.0,
                        "2" : 0.0,
                        "3" : 0.0,
                        "4" : 0.0,
                        "5" : 0.0,
                        "6" : 0.0,
                        "7" : 0.0,
                        "8" : 0.0,
                        "9" : 0.0,
                        "10" : 0.0,
                        "11" : 0.0,
                        "12" : 0.0,
                        "13" : 0.0,
                        "14" : 6.468026389532582e-05,
                        "15" : 0.0,
                        "16" : 0.0,
                        "17" : 0.0,
                        "18" : 4.312017593028298e-05,
                        "19" : 0.0006036824630239667,
                        "20" : 0.00036652149540757696,
                        "21" : 0.0001724807037212545,
                        "22" : 6.468026389544408e-05,
                        "23" : 6.468026389549066e-05,
                        "24" : 0.0005390021991288179,
                        "25" : 0.00012936052779092495,
                        "26" : 0.00036652149540684957,
                        "27" : 0.0006252425509896725,
                        "28" : 0.00030184123151222233,
                        "29" : 4.312017593029156e-05,
                        "30" : 0.001767927213142996,
                        "31" : 0.00034496140744260246,
                        "32" : 0.0,
                        "33" : 0.0,
                        "34" : 0.00015092061575612282,
                        "35" : 0.0016816868612826762,
                        "36" : 0.0,
                        "37" : 8.624035186063828e-05,
                        "38" : 0.00038808158337281894,
                        "39" : 0.002565650467853965,
                        "40" : 0.006187745246001588,
                        "41" : 0.013884696649563504,
                        "42" : 0.0011642447501185476,
                        "43" : 0.0027165710836100495,
                        "44" : 0.012504851019792642,
                        "45" : 0.01742055107584901,
                        "46" : 0.005929024190418856,
                        "47" : 0.0032986934586692186,
                        "48" : 0.0052606614634985146,
                        "49" : 0.010133241343623558,
                        "50" : 0.007308869820188371,
                        "51" : 0.006079944806174103,
                        "52" : 0.00901211676943579,
                        "53" : 0.007804751843388435,
                        "54" : 0.010542883014966305,
                        "55" : 0.004829459704196085,
                        "56" : 0.0022638092363412915,
                        "57" : 0.000840843430641169,
                        "58" : 0.0028674916993661984,
                        "59" : 0.0031046526669833035,
                        "60" : 0.004743219352335445,
                        "61" : 0.0038592557457637617,
                        "62" : 0.0017679272131429368,
                        "63" : 0.004958820231987079,
                        "64" : 0.0,
                        "65" : 6.468026389546369e-05,
                        "66" : 0.0005390021991285594,
                        "67" : 0.0,
                        "68" : 2.1560087965146394e-05,
                        "69" : 2.1560087965154973e-05,
                        "70" : 0.0,
                        "71" : 0.0,
                        "72" : 0.00010780043982583614,
                        "73" : 0.0003018412315122677,
                        "74" : 0.0006468026389549041,
                        "75" : 0.00012936052779101686,
                        "76" : 0.00038808158337294395,
                        "77" : 4.3120175930309946e-05,
                        "78" : 0.00023716096761680337,
                        "79" : 4.31201759303124e-05,
                        "80" : 8.624035186063338e-05,
                        "81" : 0.00032340131947735464,
                        "82" : 0.00010780043982580612,
                        "83" : 0.0005821223750592002,
                        "84" : 0.0004312017593031733,
                        "85" : 0.00036652149540774794,
                        "86" : 0.0020266482687248556,
                        "87" : 0.0016385666853521764,
                        "88" : 0.0016601267733179171,
                        "89" : 0.0019619680048301716,
                        "90" : 0.0009486438704670955,
                        "91" : 0.0007546030787805484,
                        "92" : 0.0016170065973869717,
                        "93" : 0.0005821223750594361,
                        "94" : 0.0007977232547108553,
                        "95" : 0.0009270837825014914,
                        "96" : 0.002479410115993486,
                        "97" : 0.006726747445130274,
                        "98" : 0.00929239791298588,
                        "99" : 0.007890992195252822,
                        "100" : 0.006683627269200691,
                        "101" : 0.005756543486699144,
                        "102" : 0.010844724246477477,
                        "103" : 0.007287309732225082,
                        "104" : 0.013992497089389155,
                        "105" : 0.01742055107584707,
                        "106" : 0.019727480488120733,
                        "107" : 0.016558147557245537,
                        "108" : 0.015760424302533146,
                        "109" : 0.017269630460094627,
                        "110" : 0.018153594066663906,
                        "111" : 0.01403561726531795,
                        "112" : 0.01832607477039065,
                        "113" : 0.022034409900396817,
                        "114" : 0.01580354447845975,
                        "115" : 0.016191626061831402,
                        "116" : 0.003794575481867909,
                        "117" : 0.01261265145961636,
                        "118" : 0.012698891811478314,
                        "119" : 0.008688715449957325,
                        "120" : 0.012591091371651549,
                        "121" : 0.010025440903798501,
                        "122" : 0.0044198180328578205,
                        "123" : 0.003643654866112259,
                        "124" : 0.008839636065715431,
                        "125" : 0.0027596912595406957,
                        "126" : 0.0017032469492480264,
                        "127" : 0.00776163166745678,
                        "128" : 2.1560087965154973e-05,
                        "129" : 0.0,
                        "130" : 0.0008839636065715154,
                        "131" : 0.0004743219352334658,
                        "132" : 0.0,
                        "133" : 0.0,
                        "134" : 0.0,
                        "135" : 2.156008796515773e-05,
                        "136" : 0.0,
                        "137" : 2.1560087965163552e-05,
                        "138" : 0.0,
                        "139" : 0.0,
                        "140" : 0.0,
                        "141" : 0.0,
                        "142" : 0.0,
                        "143" : 0.0,
                        "144" : 0.0,
                        "145" : 0.0,
                        "146" : 0.0,
                        "147" : 0.0,
                        "148" : 0.0,
                        "149" : 8.624035186061745e-05,