{
    "class" : "HiddenMarkovModel",
    "name" : "C",
    "start" : {
        "class" : "State",
        "distribution" : null,
        "name" : "C-start",
        "weight" : 1.0
    },
    "end" : {
        "class" : "State",
        "distribution" : null,
        "name" : "C-end",
        "weight" : 1.0
    },
    "states" : [
        {
            "class" : "State",
            "distribution" : {
                "class" : "Distribution",
                "dtype" : "int",
                "name" : "DiscreteDistribution",
                "parameters" : [
                    {
                        "0" : 0.004413110166298702,
                        "1" : 0.011911809554559756,
                        "2" : 0.010566349138004917,
                        "3" : 0.010440772832460733,
                        "4" : 0.0017042498609687593,
                        "5" : 0.0010943078054649281,
                        "6" : 0.006278815277255662,
                        "7" : 0.008252157221537023,
                        "8" : 0.00026909208331070335,
                        "9" : 1.7939472220756522e-05,
                        "10" : 0.0002332131388694534,
                        "11" : 0.0007175788888287741,
                        "12" : 0.00016145524998657416,
                        "13" : 3.587894444148041e-05,
                        "14" : 0.002260373499812349,
                        "15" : 0.0014351577776582783,
                        "16" : 0.00012557630554510597,
                        "17" : 1.7939472220732046e-05,
                        "18" : 5.3818416662126803e-05,
                        "19" : 1.7939472220715732e-05,
                        "20" : 0.00014351577776586862,
                        "21" : 1.793947222072593e-05,
                        "22" : 1.793947222073001e-05,
                        "23" : 3.587894444146002e-05,
                        "24" : 5.381841666215943e-05,
                        "25" : 3.587894444147225e-05,
                        "26" : 0.00014351577776583192,
                        "27" : 1.793947222073001e-05,
                        "28" : 0.0,
                        "29" : 0.0,
                        "30" : 0.00028703155553174537,
                        "31" : 3.587894444146409e-05,
                        "32" : 0.0050051127495818306,
                        "33" : 0.00816245986042892,
                        "34" : 0.006942575749419577,
                        "35" : 0.015984069748663163,
                        "36" : 0.012432054248960992,
                        "37" : 0.016271101304197916,
                        "38" : 0.0025294655831210396,
                        "39" : 0.009920528138056607,
                        "40" : 0.007157849416069063,
                        "41" : 0.008054823027104705,
                        "42" : 7.175788888296082e-05,
                        "43" : 0.0006637604721666116,
                        "44" : 0.006960515221640135,
                        "45" : 0.009489980804763109,
                        "46" : 0.0006816999443874211,
                        "47" : 0.00025115261109015486,
                        "48" : 8.969736110363169e-05,
                        "49" : 0.0,
                        "50" : 0.0,
                        "51" : 0.0,
                        "52" : 0.0,
                        "53" : 0.0,
                        "54" : 0.0,
                        "55" : 1.7939472220744284e-05,
                        "56" : 8.969736110362148e-05,
                        "57" : 0.00010763683332428623,
                        "58" : 5.381841666218595e-05,
                        "59" : 0.0,
                        "60" : 0.0,
                        "61" : 0.0,
                        "62" : 0.0,
                        "63" : 0.0,
                        "64" : 1.7939472220732046e-05,
                        "65" : 5.381841666215535e-05,
                        "66" : 0.00012557630554506008,
                        "67" : 1.7939472220736125e-05,
                        "68" : 5.381841666216555e-05,
                        "69" : 0.0,
                        "70" : 0.0,
                        "71" : 0.0,
                        "72" : 5.3818416662139035e-05,
                        "73" : 0.0,
                        "74" : 0.0,
                        "75" : 0.0,
                        "76" : 0.0,
                        "77" : 0.0,
                        "78" : 0.0,
                        "79" : 0.0,
                        "80" : 0.0,
                        "81" : 0.0,
                        "82" : 1.793947222072593e-05,
                        "83" : 1.793947222072593e-05,
                        "84" : 8.969736110355826e-05,
                        "85" : 0.0,
                        "86" : 3.587894444144982e-05,
                        "87" : 0.0,
                        "88" : 8.969736110369694e-05,
                        "89" : 7.175788888291391e-05,
                        "90" : 5.3818416662212455e-05,
                        "91" : 1.7939472220750403e-05,
                        "92" : 0.0005381841666217095,
                        "93" : 5.3818416662202264e-05,
                        "94" : 5.381841666223285e-05,
                        "95" : 0.0,
                        "96" : 1.793947222072899e-05,
                        "97" : 0.0,
                        "98" : 0.00016145524998663737,
                        "99" : 0.0,
                        "100" : 0.0,
                        "101" : 0.0,
                        "102" : 0.0,
                        "103" : 0.0,
                        "104" : 1.7939472220715732e-05,
                        "105" : 0.0,
                        "106" : 0.001022549916581474,
                        "107" : 1.7939472220742244e-05,
                        "108" : 0.0,
                        "109" : 0.0,
                        "110" : 0.0,
                        "111" : 0.0,
                        "112" : 0.00016145524998639976,
                        "113" : 0.0002152736666487295,
                        "114" : 0.0,
                        "115" : 1.793947222072083e-05,
                        "116" : 0.0,
                        "117" : 0.0,
                        "118" : 0.0,
                        "119" : 0.0,
                        "120" : 0.0,
                        "121" : 0.0,
                        "122" : 0.0,
                        "123" : 0.0,
                        "124" : 0.0006099420555046347,
                        "125" : 0.0,
                        "126" : 0.0,
                        "127" : 0.00019733419442806885,
                        "128" : 0.006135299499484883,
                        "129" : 0.0023859498053564253,
                        "130" : 0.001542794610982334,
                        "131" : 0.002601223472005668,
                        "132" : 0.004700141721826844,
                        "133" : 0.0013095814721129939,
                        "134" : 0.0031932260552899588,
                        "135" : 0.001883644583177029,
                        "136" : 0.0001435157777659604,
                        "137" : 0.00035878944441447574,
                        "138" : 0.0005202446944012906,
                        "139" : 0.0007893367777119787,
                        "140" : 0.002672981360887852,
                        "141" : 0.0032829234163937863,
                        "142" : 0.010351075471362329,
                        "143" : 0.008503309832629513,
                        "144" : 0.010189620221370228,
                        "145" : 0.0029958918608627,
                        "146" : 0.0008431551943739983,
                        "147" : 0.00294207344420017,
                        "148" : 0.00297795238864184,
                        "149" : 0.004664262777388888,
                        "150" : 0.0041978364996494615,
                        "151" : 0.002027160360943068,
                        "152" : 0.007965125666002867,